CONTENTID,CONTENTTYPEID,ADDR1,FIRSTIMAGE,OVERVIEW,TITLE,HOMEPAGE,ZIPCODE,TELNO
138184,32,제주특별자치도 서귀포시 표선면 민속해안로 537,http://tong.visitkorea.or.kr/cms/resource/95/1341195_image2_1.jpg,"자연속의 휴식처 그리고 비즈니스의 장으로 호평을 받고 있는 해비치리조트는 천혜의 자연조건을 갖춘 관광도시 제주의 동남부 해안선을 따라 펼쳐진 고급 리조트 콘도미니엄이다.<br />

해비치리조트는 해안선을 따라 펼쳐진 리조트풍의 객실과 다양한 부대시설 및 사계절 레저 센터인 윈터 가든을 갖추고 있다. 

고급스러운 인테리어와 리조트 풍 디자인의 전형적인 호텔식 콘도미니엄으로 주변의 표선 해수욕장과 제주의 푸른 바다를 함께 조망할 수 있는 넓은 창과 발코니 그리고 편안하고 고급스런 실내 분위기를 자랑한다.<br />

32평형 189실, 49평형 24실 등 총 215실로 구성되어 있으며 넓은 야외 수영장과 로비라운지, ‘이디’, 한일식당 ‘하노루’, 그리고 노래방과 가라오케 등의 부대시설을 비롯한 편의점과 게임방, 부티크샵 등의 편의시설을 갖추고 있다.

리조트 가든에 위치한 야외수영장은 제주도의 바다와 함께 조화를 이루어 휴가지의 낭만을 만끽할 수 있다. 어린이 수영장이 별도로 마련되어 가족이 함께 수영을 즐기기에 적당하며 풀사이드에 위치한 스낵바에서는 다양한 별미를 맛볼 수 있다. 

해비치리조트의 비즈니스센터는 호텔을 이용하는 비즈니스 고객을 위한 사무 장비와 넓은 10인용 보드룸이 구비되어 소규모 회의가 가능한 다기능 사무공간이다. <br>",해비치리조트,,63629,064-780-8000
551958,32,제주특별자치도 서귀포시 표선면 민속해안로 537,http://tong.visitkorea.or.kr/cms/resource/77/1378177_image2_1.jpg,"2007년 5월 24일 문을연해비치호텔&리조트는 현대 자동차 그룹 자회사로 503개 객실(호텔 288개, 리조트 215개)을 갖춘 제주도의  특1급 호텔이다. 제주의 민속과 문화, 자연이 가장 잘 보존된 표선에 위치하고 있으며, 제주도내 호텔 중 바다와 가장 가까운 곳에 위치하고 있으며 호텔 객실의 70%가 바다 전망을 즐길 수 있도록 설계돼 있다. 또한 호텔 객실이 약 47평방미터로 국내 최대 크기이며, 전 객실 킹사이즈 베드를 설치해 투객들에게 쾌적한 휴식을 제공하고 있다. 이 외에도 제주도내 단일 호텔에서는 최대 규모를 자랑하고 있는 6개의 대소 연회장이 마련돼 있어 14개의 개별 회의가 가능하며 동시 2,740명을 수용할 수 있다. 또한 섬모라, 하노루, 이디, 99-bar 등의 레스토랑, 카페, bar와 윈터가든 내 피트니스 센터와 수영장, SPA시설이 마련 돼 있다. <br>특히 해비치 호텔&리조트는 기술과 편리성을 갖춘 현대식 시설로 설계되었으며, 무엇보다 자연 채광의 실내 정원 느낌의 웅장한 아트리움이 호텔의 전체적인 컨셉트를 잘 반영하고 있다. 호텔 로비 바닥은 프랑스 루브르 박물관에 사용된 것과 같은 바닥재로 건축이 되었으며 지하에서 지상8층까지 이어지는 누드 엘리베이터가 특1급호텔다운 고급스러운 면모를 드러내고 있다. 또한 해비치 호텔&리조트는 해비치 컨트리 클럽 제주와 경기도 화성의 ‘롤링힐스 호텔’과 함께 하나의 법인으로 구성돼 있으며 모 기업의 브랜드 이미지에 걸맞는 고급 시설과 수준 높은 서비스를 제공하고 있다.<br>",해비치호텔,,63629,064-780-8000
404220,39,제주특별자치도 제주시 애월읍 애월로11길 23,http://tong.visitkorea.or.kr/cms/resource/91/401591_image2_1.jpg, 애월항 위치한 해송회센터는 신선한 회를 항구에서 직접 공급받아 손님들에게 차려진다. 제주 지역에서 잡히는 다양한 어종을 한 번에 맛 볼 수가 있어 인기가 많다. <br>,해송수산물회센타,,63043,064-799-1662
664204,39,제주특별자치도 서귀포시 성산읍 일출로 260,http://tong.visitkorea.or.kr/cms/resource/15/1937215_image2_1.jpg,해오름식당은 성산일출봉 입구에 위치하여 찾기 쉽고 여유롭게 제주의 특별한 맛을 음미할 수 있는 곳으로 여행객들이 많이 찾는 맛집이다.<br>,해오름식당,,63643,064-782-2256
664982,39,제주특별자치도 서귀포시 태평로 122,http://tong.visitkorea.or.kr/cms/resource/20/1937220_image2_1.jpg,"30년 넘는 전통의 해운대가든은 2대에 걸쳐 이어져 오고 있으며, 제주도 청정 암돼지 갈비는 엄선된 천연 재료로 만든 양념으로 만들어져 아주 독특한 맛을 낸다. 직장인이나 관광객들의 간단한 점심 식사를 위해 마련한 정식메뉴를 비롯하여 뚝배기, 건강식 장수 해물탕, 매콤한 맛이 일품인 갈치조림, 얼큰한 된장찌개 등은 해운대가든의 전통 메뉴로 사랑받고 있다. 특히 해운대가든에서는 화학조미료를 사용하지 않는것이 특징이다.<br />겨울을 제외한 계절에는 테라스에서 가벼운 음료나 맥주 등을 즐길 수 있으며, 식사 후 가볍게 연인이나 가족들과 산책할 수 있는 정원도 있어서 좋다.<br>",해운대가든,,63571,"064-738-6939, 739-7347"
1308810,39,제주특별자치도 제주시 서부두길 22,http://tong.visitkorea.or.kr/cms/resource/26/1937226_image2_1.jpg,제주시 탑동 서부두 방파제 입구에 위치한 해진횟집은 2층과 3층이 한쪽이 유리벽으로 되어있어 바다의 전경을 한눈에 볼 수 있고 푸른 바다를 바라보며 싱싱한 회와 바다의 멋을 함께 즐길 수 있는 곳이다.  <br>,해진횟집,,63276,064-757-8889
134980,39,제주특별자치도 서귀포시 성산읍 일출로 220,http://tong.visitkorea.or.kr/cms/resource/34/1937234_image2_1.jpg,"해촌 갈치요리전문점에서는 창밖으로 성산일출
 봉이 한눈에 내다 보이고 파란 바다가 펼쳐져 있는 경치가 아름다운 집으로 건물 바로 밑이 바다여서 마치 바다위의 선상에서 식사를 하는 것처럼 느껴질 수도 있다. <br/>식탁이 모두 원목 테이블로 되어 있어 화사한 분위기를 느낄
 수 있으며, 바다를 바라보며 식사 할 수 있는 곳이다.<br>",해촌,,63643,064-784-8001
138320,32,제주특별자치도 서귀포시 표선면 돈오름로 170,http://tong.visitkorea.or.kr/cms/resource/57/1934057_image2_1.jpg,"허브동산의 주요 테마는 “쉴休”, 봄날 오후 같은 편안하고 조용한 휴식이다. 번잡한 일상과 긴장된 도시 생활의 피로를 털어 버리고, “몸과 마음에 쉼을 주자,  실컷 게으름을 피워도 하나 바쁠 것 없는, 느리게 사는 여유를 마음껏 누리자”, 이것이 허브동산이  추구하는 것이다. 계절마다 진한 향기를 토해내는 허브로 이루어진 허브체험 정원, 나날이 꽃이 피고 지는 초록의 천국에서 몸과 마음을 100% 충전하고 삶의 현장으로 돌아갈 수 있을것이다.<br>",허브동산 향기펜션,,63628,064-787-7362
129619,12,제주특별자치도 제주시 한림읍 한림로 300,,"협재굴은 황금굴, 소천굴, 쌍용굴, 만장굴과 더불어 제주도의 대표적인 용암동굴이다. 
동굴의 길이는 약 200m, 너비 10m, 높이는 5m 정도의 규모이며, 250십만년 전 한라산 일대의 화산이 폭발하면서 생성되었다. 용암동굴이자 석회동굴의 특징이 복합된 2차원적인 동굴이라는 점이 특이하며, 그 일대가 모래와 조개껍질이 섞여있는 패사층으로 되어 있다. 동굴 내부에는 천장에서 뻗어 나온 석종과 마치 바닥으로부터 솟구쳐 나온 듯이 보이는 석순 등이 신비로운 광경을 연출하며, 석종과 석순이 만나 하나의 기둥을 이루는 종유석이 
기괴하면서 아름답다. 동굴 벽면에는 석회분이 덮여있어 마치 하나의 거대한
벽화가 새겨져 있는 듯 웅장한 모습을 보이고 있다. 동굴 내부의 온도는 연중
내내 17~18℃를 유지하여 한여름의 이색적인 피서지로 각광을 받고 있고, 한 
겨울에는 따뜻한 온도로 추위를 피할 수 있어 각광받고 있다. <br> 협재굴은 천연기념물 제 236호로 지정되어 있고, 페루의 돌소금동굴, 유고의 해중석회동굴과 
더불에 세계 제3대 불가사의 동굴로 꼽힐만큼 유명한 곳이다. 협재굴을 빠져
나오면 바로 옆에 쌍용굴이 자리하고 있어 두 동굴을 함께 돌아볼 수 있다.
<br>",협재굴(한림공원),"제주 한림공원 <a href=""http://www.hallimpark.co.kr/"" target=""_blank"" title=""새창에서 열림"">http://www.hallimpark.co.kr</a>",63011,064-796-0001
128794,12,제주특별자치도 서귀포시 표선면 민속해안로 592,http://tong.visitkorea.or.kr/cms/resource/05/1618205_image2_1.jpg,"서귀포시 표선면 표선리에 위치한 표선해수욕장은 총 면적 158,678m²(48,000여 평)의 해수욕장으로,
 백사장 길이 200m, 폭 800m, 수심 1m 내외이다.
 썰물 때에는 원형의 백사장을 이루고, 밀물 때에는 수심 1m 내외의 원형 호수처럼 되어 
 때에 따라 다른 분위기를 느낄 수 있으며 물이 빠진 단단한 백사장은 아이들이 놀기에도
 알맞은 곳이다. 
 정면으로 볼 수 있는 일출이 유명하며, 백사장 모래는 조개껍데기가루로 형성된 것인데 
 신경통으로 고생하는 사람들이 모래찜질을 하면 특효를 보는 것으로 알려져 있다.
 매년 8월이면 천혜의 아름다운 표선백사장을 소재로 다양한 프로그램과 알찬 내용이 담긴 표선해변백사대축제가 개최되고 있다. 
 편의시설로는 야영장, 주차장, 탈의장, 샤워장이 있으며 인근에 성읍민속마을과 제주민속촌이 있다.
 <br>",표선 해비치 해변,"제주 문화관광 <a href=""http://www.jejutour.go.kr"" target=""_blank"" title=""새창 : 제주 문화관광 사이트로 이동"">http://www.jejutour.go.kr</a>",63629,
733902,32,제주특별자치도 서귀포시 성산읍 한도로 256,http://tong.visitkorea.or.kr/cms/resource/41/733341_image2_1.jpg,"전원휴양지인 ‘푸른제주’ 민박은 바다에서 들리는 생명의 숨소리 등 편안하고 특별한 여행의 즐거움을 느낄 수 있는 곳이다. 3층 건물의 한 동으로 이루어져 있는 푸른제주민박은 양실과 한실의 두 종류의 객실을 보유하고 있다. 2~4인 기준의 33㎡, 3~6인 기준의 40㎡형, 4~8인 기준의 50㎡형 등 다양한 객실이 있으며, 각 객실 내에는 깔끔한 욕실이 있으며 TV, 냉장고, 싱크대, 에어컨, 샤워대, 전기밥솥, 취사도구 등 당의 편의시설이 완비되어 있다. 이곳 일층에는 175㎡의 70여 명이 수용될 수 있는 식당을 운영하고 있어 음식재료를 마련해오지 못한 손님들은 제주 특산물인 흑 돼지 요리를 맛볼 수 있다. 직접 축산물 농장에서 흑 돼지 오겹살, 목살 들을 공급해와 저렴한 가격에 쫄깃하고 담백한 흑 돼지 요리를 먹을 수 있다. 그 외에 갈치조림, 고등어조림도 마련되어 있다. 
<br>",푸른제주 펜션,,63643,"064-783-4830, 010-2621-4830"
1887546,32,제주특별자치도 제주시 애월읍 유수암평화5길 34-29,,"프레리아 펜션은 제주도 제주시 애월읍 유수암리에 위치하고 있다. 밤에 테라스에서 쏟아지는 별을 보고, 아침에 제주의 아름다운 초록숲을 볼 수 있다. 프레리아는 2인실 원룸형 3개로 이루어져 있으며, 고객전용 카페가 있다. 객실마다 화장실, 냉장고, 테라스, 냉난방장치가 있으며, 간식과 음료가 무료제공 된다. <br>",프레리아펜션,,63067,010-9313-0761
577457,12,제주특별자치도 제주시 애월읍 평화로 2157,,"애벌레에서 화려한 나비로의 변신<br>
잉꼬, 토끼, 햄스터, 고슴도치, 장수풍뎅이, 사슴벌레와 아이들이 좋아하는 애완동물 및 곤충, 나비, 누에의 알 등을 직접 관찰하고 체험할 수 있는 공간이다.
스터디월드에서는 나비와 곤충의 의미를 비롯하여 역사로부터 생식, 생활사 및 한살이에 이르기까지 다양한 관람거리와 정보학습이 가능하도록 구성되어 있다. 패러디월드에서는 나비와 곤충들이 사람의 삶을 풍자한 패러디물을 전시하고 있다.
<br>",프시케월드(나비공원),"프시케월드 <a href=""http://www.psycheworld.net"" target=""_blank"" title=""프시케월드 사이트로 이동"">http://www.psycheworld.net</a>",63037,
2015336,12,제주특별자치도 서귀포시 중문관광로110번길 15,http://tong.visitkorea.or.kr/cms/resource/49/2022749_image2_1.jpg,"K-POP과 뉴미디어 기술이 만나 지금까지 경험해보지 못한 새로운 경험을 선사한다. 라이브 콘서트 이상의 환상적인 홀로그램 콘서트로 최정상 K-POP 스타들을 바로 눈앞에서 만나고, 음악을 통해 과거로의 여행도 떠날 수 있다. <br />
가상현실을 통해 스타와의 꿈같은 데이트를 즐기고, 화려한 K-POP STAR가 되어보는 짜릿한 경험도 체험 할 수 있다. 홀로그램 콘서트를 즐길 수 있는 소극장형 음악카페 별이 빛나는 밤에 카페와 스타 굿즈와 K-POP 관련 상품도 PLAY KPOP SHOP에서 만날 수 있다. <br>",플레이케이팝(PLAY K-POP),"플레이케이팝 
<a href=""http://www.playkpop.co.kr"" target=""_blank"" title=""새창: 플레이케이팝 홈페이지로 이동"">http://www.playkpop.co.kr</a>",63535,
591798,12,제주특별자치도 제주시 우도면 연평리,http://tong.visitkorea.or.kr/cms/resource/10/1954210_image2_1.jpg,푸른빛이 감도는 아름다운 해수욕장! 일명 `싸이판 해변`으로 불린다. 밀가루를 밟는 듯한 부드러운 모래와 얕은 수심으로 가족단위로 수영을 즐기기에 좋다. 해수욕장의 모래밭에서 조개 껍질을 주을 수 있다. 여름밤이면 멸치잡이배들의 휘황찬란한 불빛들이 앞바다를 수놓아 불꽃놀이의 장관을 연출한다.<br>,하고수동해변,"제주 문화관광 <a href=""http://www.jejutour.go.kr"" target=""_blank"" title=""제주 문화관광 사이트로 이동"">http://www.jejutour.go.kr</a>",63365,
1923590,12,제주특별자치도 서귀포시 안덕면 산록남로,,"화구 없는 오롯한 원뿔체(자그마한 피라미드형)로 정상부에는 소나무가 우거진 가운데 남서면에 풀밭이 있다.(작고 뾰족하며 둥글 게 생긴 봉우리를 회오리봉이라 했다.)<br />
영아리오름과 기슭자락으로 이어지며 오름 주변은 삼나무가 조림되어 있고, 잡목이 무성하여 길을 찾기가 어렵다. 하늬바람이 많이 불어온다고하여 붙인 이름이다. 오름 북쪽 사면에 사람이 만들어 놓은 동굴이 있다.<br />
(표고 : 592.3m 비고 : 42m 둘레 : 505m 면적 : 17,795㎡ 저경 : 192m)<br>",하늬복이오름,"제주 문화관광 <a title=""새창 : 제주 문화관광 홈페이지로 이동"" href=""http://www.jejutour.go.kr"" target=""_blank"">http://www.jejutour.go.kr</a>",63523,
142971,32,제주특별자치도 제주시 삼성로 10,http://tong.visitkorea.or.kr/cms/resource/60/1339960_image2_1.jpg,"하니크라운호텔은 뉴크라운, 밀라노크라운과 같은 크라운계열사의 호텔이다. 바다와 한라산이 한눈에 내려다보이는 위치에 자리하고 있으며 안락하게 꾸며진 객실과 편의시설, 지상주차장을 완비하고 있다.
<br />
하니크라운호텔은 현대적 감각의 로비를 갖추고 있으며 도심 속의 정원이 있고 국제 수준의 실내장식과 서비스를 느낄 수 있다. 
<br />
또한 유일하게 수목(아열대식물)과 잔디로 조성된 산책로를 갖추고 있다. 
<br />
객실은 언제 들어서더라도 깨끗함과 안락함을 느낄 수 있도록 심플하게 꾸며져 있다. 
<br />
호텔 내의 부대시설로는 연회장, 예식장(야외예식장), 세미나 전용 건물(신관), 한·양식당, 커피숍 등이 마련되어 있으며 편리함이 갖추어진 설비와 고객의 취향을 만족시켜주는 서비스를 통해 안락하게 지내실 수 있도록 편의를 제공하고 있다.
<br>",하니크라운호텔,,63197,064-758-4200
2023328,12,제주특별자치도 제주시 구좌읍 해맞이해안로 1897-27,,"하도마을은 아직 개발의 손이 닿지 않아 대중들에게는 많이 알려지지 않은 마을이지만 우리나라 유일의 천년기념물19호인 문주란자생지 토끼섬, 세계적 희귀조류인 노랑부리저어새황새, 백로, 가마우지류 등 수십종의 철새가 날아드는 하도철새도래지, 왜구침입을 막기위해 조선시대 축조된 제주도 기념물24호 별방진과 해녀들의 삶과 애환,풍습들을 한 눈에 볼수 있도록 전시된 해녀박물관,눈부시게 아름답고 깨끗한 푸른바다의 하얀백사장 하도해수욕장, 우도를 벗삼아 정면에 정면에 자리하고 있어 가장 제주적인 바다문화와 바다풍경을 체험하고 만끽할수 있는 전형적인 어촌마을이다. <br>",하도어촌체험마을,"하도어촌체험마을 <a href=""http://hado.seantour.com"" target=""_blank"" title=""하도어촌체험마을 사이트로 이동"">http://hado.seantour.com</a>",63363,
404185,39,제주특별자치도 서귀포시 대정읍 동일하모로 229,http://tong.visitkorea.or.kr/cms/resource/31/401531_image2_1.JPG,"부산의 향토음식인 밀면을 제주도 하르방밀면 전문점에서 만날 수 있다. 제주 하르방밀면은 혈액을 깨끗하게 하여 고혈압, 성인병예방에 도움을 주며, 노화방지에도 도움이 되는 톳으로 만든 면을 사용하고 있다. <br>",하르방밀면,,63508,064-794-5000
1620997,12,제주특별자치도 서귀포시 안덕면 사계중앙로,http://tong.visitkorea.or.kr/cms/resource/18/1954918_image2_1.jpg,"조선 효종 4년(1653년) 하멜 일행이 탄 네덜란드의 무역선 '스페로 호크'호가 심한 풍랑으로 이곳에 표류하게 된다. 그 뒤 13년 동안 이곳에 머물렀고, 고국으로 돌아간 하멜은 1668년에 '하멜 표류기' 일명 『난선 제주도 난파기』를 출판하여 한국을 서방세계에 널리 밝힌 최초의 사람이 되었다. 이 비는 하멜의 이러한 업적과 그들이 제주도에 표도한 사실을 기념하고, 양국(한국, 네덜란드)의 우호증진에 기여하기 위하여 한국국제문화협회와 주한네덜란드대사관의 공동 노력으로 1980년에 건립하였다. <br>",하멜기념비,,,064-760-3544
1620883,12,제주 서귀포시 대정읍 하모리,http://tong.visitkorea.or.kr/cms/resource/98/1617098_image2_1.jpg,"총 면적 17만여㎡, 백사장길이 250m, 너비 100m, 평균수심 1m, 경사도는 5˚도이다. 모슬포에서 가장 가까운 거리에 있어 모슬포해수욕장이라고도 하며 예전에 멸치(멜)가 많이 잡히던 곳이라 멜케해수욕장으로도 불린다. 모래가 곱고 수심이 얕으며 해안가 뒤의 넓은 잔디밭에서는 야영도 할 수 있어 가족단위 피서지로 적합하다. 아직 일반인들에게 잘 알려지지 않아 한적하고 조용하게 해수욕을 즐길 수 있고, 낚시 어선을 임대하여 배낚시를 할 수 있으며 계절 음식점에서 자연산 활어, 소라 등을 저렴한 가격으로 즐길 수 있는 곳이다.<br /><br />백사장 길이-250m, 너비-100m, 평균수심-1m<br>",하모해수욕장,"제주 문화관광 <a href=""http://www.jejutour.go.kr"" target=""_blank"" title=""제주시 문화관광 사이트로 이동"">http://www.jejutour.go.kr</a>",699-935,
977101,32,제주특별자치도 제주시 애월읍 애월해안로 298,http://tong.visitkorea.or.kr/cms/resource/19/1934019_image2_1.jpg,하얀둥지펜션은 전남벌교에서 채취한 황토로 만들어졌다.<br>,하얀둥지 펜션,,63046,"064-799-1600, 010-6710-1235"
1893993,32,제주특별자치도 서귀포시 표선면 민속해안로 351,,"'하얀언덕’은 표선해수욕장에서 시작하는 올레길 4코스 초입에 위치한 펜션 겸 게스트하우스이다. ‘하얀언덕’은 아름답고 평화롭게 이어진 해안도로변에 자리하고 있어 모든 객실 창문으로 시원한 바다 전경이 한눈에 들어온다. 숙소 앞 바다로 길게 뻗어나간 산책로를 거닐 수 있고 간조 때는 앞바다에 작은 풀이 만들어지며, 모래 해변이 아름다운 표선해수욕장까지 자동차로 3분 거리에 있다.
<br>",하얀언덕,,63629,"010-3665-8201, 064-787-7007"
142964,32,제주특별자치도 서귀포시 중문관광로72번길 114,http://tong.visitkorea.or.kr/cms/resource/41/1339641_image2_1.jpg,"중문 해수욕장 절벽에 그림처럼 자리 잡은 제주하얏트리젠시는 1985년에 국내 유일의 아트리움 양식으로 설계되었으며 건물이 원통형 구조라 어느 층에서든지 천정 위로 하늘을 볼 수 있다. 

유리로 된 돔형 천정에서 눈부신 자연광이 쏟아지고 폭포의 물소리가 싱그러운 로비에 들어서면 정성 어린 제주하얏트리젠시주의 서비스가 시작된다. 

객실은 안락하고 편안하게 꾸며져 있으며 작은 소품 하나에도 세심한 정성을 다한 흔적이 역력하다. 

부대시설로는 연회장, 스파&피트니스센터, 카지노, 수영장, 비즈니스센터, 사우나, 라운지 등이 마련되어 있다.

<br>",하얏트리젠시 제주,,63535,064-733-1234
142944,32,제주특별자치도 제주시 사장3길 32 (연동),http://tong.visitkorea.or.kr/cms/resource/80/1339980_image2_1.jpg,"제주의 특급 관광 우락시설이 밀집한 신제주 중심에 위치한 제주하와이호텔은  한라산과 자연의 경이로움으로 고객에게 감동을 선사한다.

객실은 고객이 만족할 수 있도록 편안하게 꾸며져 있으며 작은 소품 하나에도 세심한 정성을 다한 흔적이 역력하다. 피곤한 몸과 마음을 쉬어갈 수 있는 비즈니스맨과 관광객에게 호텔로 다가갈 것이다.

갖추어진 설비와 고객의 취향을 만족시켜주는 서비스를 통해 편안하고 안락하게 지내실 수 있도록 
편의를 제공하고 있다.

다양한 규모의 화려하고 격조 높은 맛을 풍기는 제주하와이호텔의 연회장에서는 기억에 남을 만한 연회를 연출하고 서비스를 제공한다.

또한 비즈니스맨을 위한 회의시설과 최첨단 장비를 갖춘 비즈니스센터에서는 고객들이 다양한 비즈니스를 진행하는 데 도움을 주고 있다. 그 밖의 무료인터넷, 컴퓨터, 프린터, 복사, 팩스 및 전화서비스도 제공하고 있다. <br>",하와이관광호텔,,63136,"064-742-0061,080-753-8811"
136240,32,제주특별자치도 서귀포시 중문관광로72번길 29-29,http://tong.visitkorea.or.kr/cms/resource/53/2469453_image2_1.jpg,"
(주)한국콘도는 우리나라 최초로 콘도미니엄 운영시스템을 개발한 회사로, 콘도업계의 맏형이다. 대한민국 관광산업의 미래를 개척한다는 자세로 해당지역에서 가장 좋은 곳을 선점하여 지점들을 설치하였다. 객실의 구조나 설비 또한 고객들의 취사가 실질적으로 가능하도록 정성을 기울였다. 제주도는 한라산을 배경으로 펼쳐지는 푸른 초원, 천연동굴, 해수욕장, 해변의 기암괴석 등 섬 전체가 수많은 관광지로 가득하다. 푸른 바다가 한눈에 들어오는 바닷가 하얀 집, 제주한국콘도는 제주 관광의 중심지인 중문 관광단지의 전망 좋은 위치에 자리 잡은 제주도의 콘도이다. 골프장, 승마장, 사냥터, 해수욕장 등을 비롯한 훌륭한 레저 휴양시설을 갖춘 국제적 관광지 제주에서 경이로운 남국의 멋을 느껴볼 수 있다. 콘도 내의 부대시설로는 야외수영장,  편의점, 노래방, 세미나실 등이 마련되어 있고 모든 편리함이 갖추어진 설비와 고객의 취향을 만족시켜주는 최상의 서비스를 통해 편안하고 안락하게 지내실 수 있도록 모든 편의를 제공하고 있다.

<br>",한국콘도 제주지점,,63535,064-738-9101
1918643,12,제주특별자치도 제주시 애월읍 봉성리 산1,,"1100도로 삼형제오름 서쪽 약 1.5Km 지점에 위치한 오름으로 탐라각휴게소를 지나 영실입구에 채 못미쳐 우측으로 나있는 표고밭길을 따라 4km정도 들어가면 표고밭 관리사가 있으며, 다시 이곳에서 1Km쯤 안으로 걸어들어가면 평평한 습지와 함께 가로 누워 있는 한대오름에 이르게 된다. 이 오름은 전체적으로 완만한 경사를 갖고 있으며 비고가 낮은 오름으로 2개의 봉우리가 산정부에서 이어져 있는 형태이다. 전사면에 해송, 삼나무가 주종을 이루며 잡목이 우거지고 진달래, 꽝꽝나무, 청미래덩굴 등이 식생하고 있다. 오름 서쪽자락에는 곰취군락이 있고, 동쪽자락에는 꽤 넓은 습원(濕原)을 이루면서 주변에는 물웅덩이가 많다.<br>",한대오름,"제주 문화관광 <a title=""새창 : 제주 문화관광 홈페이지로 이동"" href=""http://www.jejutour.go.kr"" target=""_blank"">http://www.jejutour.go.kr</a>",63039,064-728-2742
264590,12,제주 제주시 해안동,http://tong.visitkorea.or.kr/cms/resource/99/1632499_image2_1.jpg,"옛날 신선들이 하늘에서 내려와 백록을 타고 놀았다해서 백록담이라 불려졌다 한다. 둘레 약 2천여미터, 깊이가 약 100여 미터의 커다란 화산호인 백록담을 한 바퀴 돌고 나면 제주 섬 해안 도로를 다 돌아다닌 것이나 진배없다. 높이 1,950m이다. 남한에서 가장 높은 산이다. 제3기 말∼제4기 초에 분출한 휴화산이다. 현무암으로 이루어져 있으며 줄기는 제주도 중앙에서 동서로 뻗는다. 남쪽은 경사가 심한 반면 북쪽은 완만하고, 동서쪽은 비교적 높으면서도 평탄하다. 정상에는 둘레 약 3㎞, 지름 500m의 화구호인 백록담(白鹿潭)이 있으며, 주위 사방에 흙붉은오름[土赤岳]·사라오름[砂羅岳]·성널오름[城板岳]·어승생오름[御乘生岳] 등 360여 개의 측화산을 거느리고 있다.   둔덕에 올라서면 산의 높이가 느껴지고 마치 하늘에 두둥실 떠 있는 듯한 멋진 환상을 맛보게 된다. 한편 한라산은 천연기념물 제182호인 한라산 천연보호구역으로 지정, 보호되고 있다.<br /><br />
* 한라산국립공원 등산허용 안내<br />
[입산] <br />
어리목코스(어리목입구매표소) - 동절기 12:00 / 춘추절기 14:00 / 하절기 15:00<br />
어리목코스(윗세오름통제소) - 동절기 13:00 / 춘추절기 13:30 / 하절기 14:00<br />
영실코스(등반로입구통제소) - 동절기 12:00 / 춘추절기 14:00 / 하절기 15:00<br />
성판악코스(탐방로입구) - 동절기 12:00 / 춘추절기 12:30 / 하절기 13:00<br />
성판악코스(진달래밭통제소) - 동절기 12:00 / 춘추절기 12:30 / 하절기 13:00<br />
관음사코스(탐방로입구) - 동절기 12:00 / 춘추절기 12:30 / 하절기 13:00<br />
관음사코스(삼각봉통제소) - 동절기 12:00 / 춘추절기 12:30 / 하절기 13:00<br />
어승생악코스(어리목입구매표소) - 동절기 16:00 / 춘추절기 17:00 / 하절기 18:00<br />
돈내코코스(등반로입구안내소) - 동절기 10:00 / 춘추절기 10:30 / 하절기 11:00<br />
석굴암(충혼묘지주차장) - 동절기 16:00 / 춘추절기 17:00 / 하절기 18:00<br />
[하산]<br />
윗세오름 - 동절기 15:00 / 춘추절기 16:00 / 하절기 17:00<br />
동능정상 - 동절기 13:30 / 춘추절기 14:00 / 하절기 14:30<br />
남벽분기점 - 동절기 14:00 / 춘추절기 14:30 / 하절기 15:00<br />
<br />
※ 동절기(1,2,11,12월)/춘추절기(3,4,9,10월)/하절기(5,6,7,8월) <br>",한라산 백록담,"한라산국립공원 <a href=""http://www.hallasan.go.kr"" target=""_blank"" title=""한라산국립공원 사이트로 이동"">http://www.hallasan.go.kr</a>",690-200,
126436,12,제주특별자치도 제주시 조천읍 516로 1865,http://tong.visitkorea.or.kr/cms/resource/41/1036841_image2_1.jpg,"한라산 등반시 거쳐야 하는 여러 갈래 코스 중의 하나가 성판악이다. 성판악 코스는 관음사 코스와 더불어 백록담이 보이는 화구륜 코스까지 오를 수 있는 한라산 동쪽 코스로 경사가 완만하다. 2003년 3월부터 정상 등반이 연중 가능하다.<br>
 제주시와 서귀포를 잇는 5.16도로의 중간 지점 가장 높은 곳에 성판악휴게소가 있는데, 이곳은 한라산으로 오르는 등산로 중의 하나인 성판악 등산로가 시작되는 곳이다. 등산로에는 서어나무 등 활엽수가 우거져서 삼림욕하면서 걷기에 좋다. 주위에는 갖가지 나무가 자라고 있고 철마다 변화 하는 한라산의 아름다움을 느낄 수 있는 곳이다. 성판악 등산로를 따라 정상으로 가다 보면 도중에 높이 1,215m의 성판악을 지나게 된다. <br>",한라산 성판악,"한라산국립공원 <a href=""http://www.hallasan.go.kr"" target=""_blank"" title=""한라산국립공원 사이트로 이동"">http://www.hallasan.go.kr</a>",63345,"064-713-9950~3, 725-9950"
126469,12,제주특별자치도 서귀포시 영실로 246,,"제주 한라산은 자연휴식년제를 실시 중인 돈내코 코스를 제외한 다섯 개의 탐방코스가 있다. 관음사, 어리목, 영실, 성판악을 기점으로 하는 코스와 어리목 부근의 기생화산인 어승생악 코스가 있다. 한라산 최고의 가을 단풍코스로는 단연 영실코스를 들 수 있다. <br><br>한라산 서측 99번 국도를 따라가면 어리목 입구를 지나 1100고지 휴게소를 넘어서 약 4km쯤 내려가면 영실입구 삼거리에 도착한다. 삼거리에서 매표소까지는 약 3km 거리. 매표소에서 영실휴게소까지는 다시 30~40분 정도 걸어 올라가야 한다. 영실 탐방코스(영실∼윗세오름)는 3.7km로 대략 1시간 40분 정도 소요된다. 영실휴게소를 출발하여 1km 남짓 비교적 완만한 길로 힘들이지 않고, 주변 수목과 영실 계곡 단풍을 즐기며 쉬엄쉬엄 오를 수 있다. <br>본격적으로 들쭉날쭉한 기암괴석이 시야에 들어오기 시작하는 오르막길로 접어들면 가파른 산길이 능선을 따라 이어진다. 등산로 아래로 깊게 팬 영실 계곡과 주변을 둘러친 웅장한 거벽은 아마도 이곳이 과거의 거대한 화산분출구가 아니었나 짐작케 한다. 
 병풍바위를 지나면서부터는 다시금 평탄한 산길이 나타나고 휘파람을 불며 거닐만큼 편안한 등산로가 윗세오름휴게소까지 이어진다.
 <br><br>한라산 영실의 첫번째 매력은 영주십경(瀛州十景)의 하나인 영실기암을 들수 있다. 해발 1,400∼1,600m 지점의 거대한 계곡 우측에 천태만상의 기암 괴석들이 즐비하게 하늘을 찌를 듯 솟아 있다. 옛부터 '오백나한', 또는 '오백장군' 이라 불리우기도 하는 영실기암은 깊어가는 한라산 단풍을 배경으로 가을 한라산의 진수를 펼쳐보인다. 
 병풍 바위에서 불어오는 산바람에 잠시 숨을 돌리고 땀을 식힌 다음, 내친 걸음에 윗세오름까지, 마치 광활한 활주로에 멀리 떡하니 버티고 있는 듯한 한라산 화구벽은 영실 가을산행의 또 다른 매력으로 다가온다. 여유가 있다면 윗세오름에서 북쪽 하산길로 접어 들어 봄철
 철쭉으로 유명한 만세동산, 사제비 동산을 지나 약수 한모금 들이키고 이어지는 어리목으로의 하산을(1시간 40분소요) 권할 수 있다.
 모름지기 국토 최남단의 영산 한라산의 더할나위 없는 가을단풍 산행의 진수라 할 수 있다.
 <br>",한라산 영실,"한라산국립공원 <a href=""http://www.hallasan.go.kr"" target=""_blank"" title=""한라산국립공원 사이트로 이동"">http://www.hallasan.go.kr</a>",63554,064-713-9950~3
802844,12,제주특별자치도 제주시 516로 2596,http://tong.visitkorea.or.kr/cms/resource/25/1938325_image2_1.jpg,"한라생태숲은 산림청 소유 국유지 196ha에 달하며 5.16도로변 해발 600고지 일대이다. 이 생태숲은 1970년대 초부터 1995년까지 개인에게 대부돼 마소의 방목지로 사용했던 곳이다. 제주 식물의 보고에 걸맞는 산림생물 난대, 온대, 한대 식물 등 다양한 식물상을 조화롭게 설계하여 333종 288천 그루를 식재 생태복원 시켰으며, 곶자왈지대, 천연림 지역을 유전자원 보전지역으로 관리해 나갈 계획이다. 생태로, 전망대, 양묘하우스, 테마별 산책로, 유전자보존 조직배양실 등 기반시설과 단풍나무숲, 벚나무숲, 구상나무숲, 참꽃나무숲 등 13개의 테마숲, 생태숲 전체의 축소판인 암석원이 중앙에 조성되어 숲다운 숲의 면모를 보여주고 있다.<br>",한라생태숲,"한라생태숲 <a href=""http://hallaecoforest.jeju.go.kr/"" target=""_blank"" title=""한라생태숲 사이트로 이동"">http://hallaecoforest.jeju.go.kr</a>",63312,
127514,12,제주특별자치도 제주시 수목원길 72,http://tong.visitkorea.or.kr/cms/resource/37/1205437_image2_1.jpg,"제주시 연동 1100 도로변 광이오름 기슭에 위치한 한라수목원은 제주도 자생수종과 아열대식물 등 약 909종의 식물이 식재, 전시되어있는 수목원으로 학생 및 전문인들을 위한 교육과 연구의 장 역할을 하고 있으며, 테마관광지로도 사랑받고 있다. 특히 환경부는 최근 이곳을 멸종위기 보호야생식물의 &lt;서식지의 보전기관&gt;으로 지정했다. 환경부가 멸종 위기 식물로 지정한 나도풍란, 한란과 파초일엽, 갯대추 등 보호 대상 식물 2,722그루를 보유하고 있다.<br />
 제주도 자생식물의 유전자원 보존 및 학습·연구의 장을 제공하고  도·시민에게 휴식 공간 제공 및 관광자원으로 활용하고 있다.
<br>
  <br>",한라수목원,"한라수목원 <a href=""http://sumokwon.jeju.go.kr/"" target=""_blank"" title=""한라수목원 사이트로 이동"">http://sumokwon.jeju.go.kr</a>",63143,"064-710-7575, 746-4423"
655015,39,제주특별자치도 제주시 광양9길 19,http://tong.visitkorea.or.kr/cms/resource/08/1937208_image2_1.jpg,"제주시 이도2동에 위치한 한라식당은 제주시에서 지정한 균형잡힌 식단을 제공하는 식단개선 시범업소이다. 한라식당은 질 좋고 맛좋은 갈치국을 비롯하여 각종 물회, 조림, 구이를 제공한다.<br>",한라식당,,63208,064-758-8301
404187,39,제주특별자치도 서귀포시 성산읍 일출로 287,http://tong.visitkorea.or.kr/cms/resource/34/401534_image2_1.jpg,"한성식당은 하얀 건물에 푸른색 간판을 올려 눈에 쉽게 띄는 식당이다. 
이곳의 메뉴는 다금바리 회에서 오징어볶음까지 제주도 바다에서 나는 모든 재료를 다루고 있는데 제일 인기있는 메뉴는 갈치스페셜이다. 성산항에서 당일 들여오는 싱싱한 제주 은갈치의 다양한 맛을 보려면 한성식당의 갈치 스페셜을 먹어봐야 한다. 갈치 스페셜은 갈치구이와 조림, 그리고 제주에서만 맛볼 수 있는 갈치회와 갈치국을 세트로 하여 제공된다. 갈치스페셜 외에도 다양하고 싱싱한 해산물 메뉴들을 제공한다.
<br>",한성식당,,63643,064-782-4646
930345,12,제주특별자치도 제주시 한림읍 한림해안로 623-6,,"한수풀 해녀학교는 해녀들의 고령화와 어족자원의 고갈, 작업여건의 어려움으로 점차 사라져가는 해녀문화를 젊은 세대에 전수하자는 취지에서 주민자치 특성화 사업으로 2007년도부터 시작하여 한림읍 귀덕2리 잠수회 소속해녀들이 강사가 되어 일반인을 대상으로 해녀양성교육을 실시하고 있다. 올해는 제2기 한수풀 해녀학교를 개강하여 5월에는 유영훈련, 6월에는 잠수법 및 호흡법을 훈련하였고, 7월에는 해산물 채취훈련, 8월에는 종합훈련과 졸업식을 개최할 계획이다.<br>",한수풀 해녀학교,"제주한수풀해녀학교 <a href=""http://cafe.naver.com/jejuhaenyeoschooll"" target=""_blank"" title=""새창: 제주한수풀해녀학교 공식 카페로 이동"">hthttp://cafe.naver.com/jejuhaenyeoschooll</a>",63024,064-728-7616
138195,32,제주특별자치도 제주시 명림로 575-107,http://tong.visitkorea.or.kr/cms/resource/99/1180899_image2_1.jpg,"한화호텔앤드리조트는 1979년  콘도미니엄 건설을 통하여 레저산업에 첫발을 디딘 이후 현재 전국에서 가장 많은 직영 콘도 체인 및 골프장을 운영하고 있으며, 다양한 범주의 푸드 서비스를 고객에게 제공하고 있다. 

2009년 프라자호텔과 63시티 식음/문화부문을 한 가족으로 맞이한 한화호텔앤드리조트는 국내 최고 프리미엄 종합 레저/서비스 기업으로의 도약을 꿈꾸고 있다.

한화호텔앤드리조트는 현재의 상황에 만족하지 않고 급속한 레저 환경 변화에 대응하며, 21세기 건전한 여가 생활문화 창조를 위하여 미래지향적 가치관, 다양한 레저시설 및 풍부한 운영 노하우를 기반으로 기존 사업영역의 확대 및 신규 사업을 추진하여 질적/양적 측면에서 명실상부한 국내의 국민레저기업으로서의 입지를 확고히 하고 있다.

제주한화리조트는 43평화공원, 노루생태관찰원 맞은편에 있는 콘도미니엄으로 주변에 절물자연휴양림 등 볼거리가 많고 가을이면 특히 리조트 주변의 억새밭이 아름답다.

부대시설로는 수산품점, 토산품점, 오락실, 여행정보 안내데스크, 슈퍼마켓, 렌터카샵, 대중골프장, 파크골프장, 테라피센터 등이 마련되어 있다. 

넉넉한 여유를 느낄 수 있는 객실에는 다양한 최신 설비를 갖추고 있으며, 고객을 한 번 더 생각하는 서비스를 통해 편안하게 머무를 수 있도록 모든 편의를 제공하고 있다.<br>",한화리조트 / 제주,,63330,064-725-9000
126451,12,제주특별자치도 제주시 서흘길,http://tong.visitkorea.or.kr/cms/resource/63/218863_image2_1.jpg,"매혹적인 비취빛 산호바다, ‘카약’타고 노닐다<br />
 제주 시외버스터미날에서 동쪽 약 14km 지점에 있으며, 동회선일주도로(12번국도)변에 위치해 있어 교통이 매우 편리하다.
 백사장의 길이는 900m, 너비 120m, 평균 수심 1.2m, 경사도는 5도로 수심이 아주 얕고 경사가 완만하여 한참을 들어가도 바닷물이 허리춤까지 밖에 안되기 때문에 아이들과 함께 해수욕을 하기에 적합하며, 바다가 얕아지면서 형성된 하얀 패사층은 마치 산호 바다와 같이 맑은 바닷물을 더욱더 빛나게 만든다. 하얗게 눈부신 모래밭과 맑은 에메랄드빛 바다, 그리고
 검은 현무암 위에 가로 놓여진 아치형 구름다리, 빨간 등대 등이 한데 어울려 아름다운 풍광을 연출한다.<br /> 
 함덕해수욕장은 특이하게도 백사장 한가운데가 튀어 나와 마치 하트의 형상을 띄고 있기 때문에 동서의 어느 쪽에서 바람이 불어도 반대쪽 바다는 잔잔하기 때문에 항시 카약을 즐기기에 안성맞춤인 국내의 유일한 해수욕장이다.           
 해수욕장 동쪽 2km 거리에는 북촌낚시터가 있으며, 함덕리에는 수박단지가 있다.
 <br>",함덕 서우봉 해변,"제주 문화관광 <a href=""http://www.jejutour.go.kr"" target=""_blank"" title=""새창 : 제주 문화관광 사이트로 이동"">http://www.jejutour.go.kr</a>",63314,064-783-6003
1882595,32,제주특별자치도 제주시 조천읍 조함해안로 488,,"제주도 제주시 조천읍에 위치한 함덕삼다펜션은 콘도형민박펜션으로 10평형, 12평형, 15평형, 20평형 등 다양한 객실 유형이 있다.<br>",함덕삼다펜션,,63333,064-782-1700
1420586,39,제주특별자치도 제주시 탑동로 33,," 제주시 삼도2동에 위치하고 있는 해녀횟집은 해녀들이 해산물을 직접 따서 요리함으로 해산물이 싱싱하며 1급 요리사 면허를 가지고 있는 주방장이 직접 주방에서 손님의 즐거운 식사를 위해 최선을 다하고 있다. <br />회를 주문하면 파전, 소라, 연두부, 야채 등 여러 가지 서비스가 제공된다. <br />
인근 자연경관 또한 뛰어나다.<br>",해녀횟집,,63166,064-722-3265
733924,32,제주특별자치도 서귀포시 성산읍 한도로 137,http://tong.visitkorea.or.kr/cms/resource/50/733350_image2_1.jpg,"모든 객실에서 탐라 제일경인 성산 일출봉이 보이는 해 뜨는 집은 넓은 주차장을 겸비한 숙소이다. 가깝게 우도가 자리 잡고 있고, 성산일출봉을 등에 지고 오조리 바닷가에서 색다른 방법으로 맛조개, 어패류 등을 직접 잡을 수 있고 아이들의 좋은 자연학습지이기도 하다. 그래서 가족들과 함께 조개잡이를 나선 도민들과 관광객들로 항상 붐비는 곳이다. 펜션에서 조개 잡는 도구를 일체 빌려주기도 한다. 이곳에서는 또한 성산에서 세화 간 사이의 다양한 볼거리와 쉼터 그리고 체험을 동시에 즐길 수 있는 환상적이 드라이브 코스를 알려준다. 객실은 호텔형과 일반형의 구조로 되어 있다. 침대방과 온돌방 중 선택할 수 있으며, 바다가 한눈에 들어오는 통유리 창을 설치하여 일출과 일몰을 객실에서 모두 볼 수 있다. 창문만 열면 답답했던 마음을 탁 트이게 할 수 있는 제주도 바닷바람이 객실로 들어와 상쾌한 마음을 느끼게 해준다. 

<br>",해뜨는집 펜션,,63639,064-784-8812
1984748,39,제주특별자치도 제주시 조천읍 비자림로 661,http://tong.visitkorea.or.kr/cms/resource/08/1938008_image2_1.jpg,"[제주시 조천읍 교래리에 위치한 토종닭 전문점 해락원]<br/>
해락원은 에코랜드 테마파크 인근에 있는 토종닭 전문 음식점이다. 메뉴로는 토종닭전골, 토종닭옻전골,토종닭백숙, 토종닭볶음탕, 흑돼지오겹을 제공하며, 사리를 추가하여 맛볼 수 있다.",해락원,,63346,064-784-3378
664371,39,제주특별자치도 서귀포시 표선면 민속해안로 578-2,http://tong.visitkorea.or.kr/cms/resource/11/1937211_image2_1.jpg,"제주 해비치호텔 후문 앞에 위치한 해미원 식당은 싱싱한 제주 자연산 활어를 재료로 하는 일식집이다. 회를 주문하면 다양한 밑반찬들이 푸짐하게 나온다. 각종 싱싱한 회뿐만 아니라 맛있는 조림, 식사 등도 즐길 수 있다.<br>",해미원,,63629,064-787-3311
2469473,12,제주특별자치도 제주시 구좌읍 행원로13길 67,http://tong.visitkorea.or.kr/cms/resource/73/2465873_image2_1.jpg,"<strong>작지만 흥미로운 천연 화장품의 세계! </strong><br />
제주자연에서 찾은 원료로 만든 브랜드 제주이야기는 천연 식품, 화장품, 유아화장품 등을 생산하는 민간기업이다. 끊임없이 건강한 화장품을 생산하기 위해 연구하고 있으며 카페 제주이야기에서 나만의 천연 화장품, 웰빙제품, 청정 먹거리를 직접 만들어 볼 수 있고, 천연 화장품 제조공정 및 연구소 등을 견학할 수 있다.<br>",㈜제주사랑 농수산,"㈜제주사랑 농수산 <a title=""새창:㈜제주사랑 농수산 홈페이지로 이동"" href=""http://www.jeju-love.com"" target=""_blank"">www.jeju-love.com</a>",63358,
2469469,12,제주특별자치도 서귀포시 남원읍,http://tong.visitkorea.or.kr/cms/resource/57/2465657_image2_1.jpg,"<strong>초콜릿 만들어지는 꿈의 공장 견학! </strong><br />
제주향토기업 ㈜제주오렌지는 제주 초콜릿, 하르방 초콜릿, 크런치 초콜릿, 비타 C, 러브초코 등을 생산, 판매하고 있다. 드림팩토리는 제주도 여행객이라면 한번쯤은 구매하는 생산 제품의 전시 홍보, 판매뿐만 아니라 제조공정을 관광객들에게 개방하고 있다.  관람하고 싶은 여행객은 365일 언제든 크런치 라인, 원료탱크, 포장자동화라인, 비타민제조실 등을 관람할 수 있다.<br>",㈜제주오렌지 드림팩토리,"㈜제주오렌지 드림팩토리 <a title=""새창 : ㈜제주오렌지 드림팩토리 홈페이지로 이동"" href=""http://www.orangejeju.co.kr/"" target=""_blank"">http://www.orangejeju.co.kr/</a>",63614,
1896032,32,제주특별자치도 서귀포시 법환하로9번길 10,,"제주도 서귀포시에 위치한 가름게스트하우스. 여행자들과 즐거움을 함께 하고, 정보를 교환하며, 지친 몸을 달래는 따뜻한 쉼터로서 제주 여행의 베이스캠프가 되고자 한다. 더블룸, 트윈룸, 4인실 및 6인실 도미토리 등 다양한 객실을 갖추고 있으며 직장 동료, 친구나 가족은 물론 혼자서도 망설임 없이 찾을 수 있는 곳이다. 더욱이 전 객실에 개별 실내 화장실을 갖추고 있어 편안히 이용할 수 있다.
<br />
서귀포 시외버스터미널과 월드컵 경기장 근처로 한라산, 중문, 성산일출봉, 공항 등 제주 어디든 쉽게 이동할 수 있고 무료로 간단한 조식이 제공되며 무거운 짐도 부담 없이 맡길 수 있다. 특히 제주 올레길 7코스를 품고 있으며 올레코스에 대한 자세한 안내도 받을 수 있다.
 
<br>",가름게스트하우스,,63573,064-739-4499
1884191,12,제주특별자치도 제주시 한경면 청수서5길 63,,"한경면 수룽이마을(산양리 수룡동) 뒷산으로 마을 남동쪽 약 500m지점에 위치한 오름이다. 수룡동 마을안길로 들어가면 쉽게 오를 수 있다. 주봉인 남쪽봉우리를 중심으로 북쪽으로 뻗은 등성마루에는 언덕같은 봉우리가 솟아 있고, 완만한 동사면은 북동쪽으로 말굽형 화구를 이루며 얕고 넓게 벌어져 있으며 붉은 송이로 이루어져 있다. 해송과 잡목이 어우러져 숲을 이루고 있으며, 풀밭에는 술패렝이꽃이 여기저기 보인다.이 오름에는 일본강점기&nbsp;때 일본군이 주둔했던 곳으로, 지금도 인공적으로 파인 수직굴이 여러개 산재해 있다.<br /><br />- 오름명의 유래, 어원 : 오름산모양이 가마솥을 엎어 놓은 모양과 같이 생겼다하여 가마오름이라 부르고 있으나, 학자들의 어원적 해석에 의하면 '가마'는 '감'에서 나온 것이고, '감'은 북방어로 神(신) 또는 신성하고 거룩하다는 뜻으로 해석하고 있다. 즉, 가마오름은 신령스러운 산이라는 뜻으로 풀이하고 있다.<br />(* 표고(m): 140.5 / 비고(m): 51 / 둘레(m): 2059  / 면적(m): 154486 / 저경(m): 646 ) <br>",가마오름,"제주 문화관광 <a title=""새창 : 제주 문화관광 홈페이지로 이동"" href=""http://www.jejutour.go.kr"" target=""_blank"">http://www.jejutour.go.kr</a>",63006,
1884202,12,제주특별자치도 제주시 한경면 청수로 13-3,http://tong.visitkorea.or.kr/cms/resource/01/1884201_image2_1.jpg,"저지오름 남서쪽 기슭 자락 도로변에 가마솥 모양으로 패여 있는 원형분화구를 품고 있는 자그마한 오름으로, 마을에서는 분화구가 솥바닥처럼 생겼다 하여 가메창이라 부르고 있다. 한경면 저지리 저청초등학교 사거리에서 수동 방향으로 조금 가면 도로 우측에 위치해 있어, 해송이 있는 언덕 위로 몇발자국만 오르면 분화구를 볼 수 있다. 분화구는 둘레가 약 300m, 깊이가 16m 정도로 외륜의 사면경사인 비고(6m)보다 더 깊이 패여있는 형태이다. 오름은 잔디밭 등성이로 곱게 둘러져 있고, 오름옆에 있는 외딴 민가로 들어가는 돌담을 넘는 순간 고운 잔디밭과 듬성듬성한 해송 사이로 움푹패인 굼부리에 놀라지 않을 수 없다. 분화구 바닥은 화구원과 사면사이에 돌담을 둘러 그 안에는 농경지로 이용되고 있다.<br>",가메창(암메),"제주 문화관광 <a title=""새창 : 제주 문화관광 홈페이지로 이동"" href=""http://www.jejutour.go.kr"" target=""_blank"">http://www.jejutour.go.kr</a>",63006,064-728-2742
1884505,12,제주특별자치도 서귀포시 표선면 가시리 산158-2,,"남조로변 붉은오름과 도로를 사이에 두고 마주한 오름으로, 구두리오름, 쳇망오름과 이웃해 있다. 오름은 남서쪽으로 침식되어 얕게 벌어진 말굽형 화구를 이루고 있다. 오름 중턱까지는 해송, 삼나무가 조림되어 숲을 이루고, 그 위로는 낙엽수림이 우거진 가운데 새우난이 군락을 이루고 있다.<br />
- 오름명의 유래 : 숲이 우거져 검게 보인다고 해서 가문이오름이라 하고, 한자표기화에 따라 黑岳(흑악)이라 하며, 거문오름이라 부르기도 한다.<br>",가문이오름(감은이오름),"제주 문화관광 <a title=""새창 : 제주 문화관광 홈페이지로 이동"" href=""http://www.jejutour.go.kr"" target=""_blank"">http://www.jejutour.go.kr</a>",63623,
1865946,39,제주특별자치도 서귀포시 인정오름로86번길 3,,가산토방 펜션과 같이 운영되고 있는 제주 향토음식점이다. 흑돼지 오겹살의 맛과 풍경을 즐기면서 식사가 가능하다. 갈치조림과 옥돔구이도 메뉴로 하고 있다. <br>,가산토방 식당,,63580,064-732-2095
1884521,12,제주특별자치도 제주시 오라삼동,,"오라동 연미마을 북서쪽(제주 MBC 사옥 동쪽)에 가로누운 자그마한 화구없는 원추형 화산체로서, 남북으로 긴 등성이에 해송이 우거져 숲을 이루고 있다. 풍수설에 의하면 이 오름 남쪽에 있는 민오름이 개의 형국이고, 그 밑에 있는 이 오름은 어미개에 딸린 새끼개(강아지)의 형국이라는 데서 개새끼오름이라 부르고 있으며, 어미개와 개새끼(강아지)가 어울린 모습에 개의 젖가슴을 상징하는 지세라하여 북서쪽 오름자락은 예로부터 길지로서 명당으로 꼽혀 온 곳이라 한다.<br />
(표고(m): 115 비고(m): 20 둘레(m): 490 면적(m): 17198 저경(m): 167) <br />
* 동일명칭 : 가삭봉, 가사끼오름, 개새끼오름, 加沙峰<br>",가새기오름,"제주 놀멍쉬멍 <a href=""http://www.jejutour.go.kr"" target=""_blank"" title=""제주 놀멍쉬멍 홈페이지로 이동"">http://www.jejutour.go.kr</a>",63145,064-740-6001
1885746,12,제주특별자치도 서귀포시 표선면 녹산로 554,,"세화리 쪽에서 보면 사다리꼴 모양이고, 토산리 쪽에서 보면 숲이 우거진 가운데 여자의 젖무덤 같이 봉긋하게 두 봉우리가 어우러져 판이한 양상을 보여준다. 북봉과 남봉사이에는 얕게 골이 패이고, 서쪽으로 침식된 말굽형 화구를 이루고 있으며, 화구안부 중턱에는 오름에서 흘러나오는 샘이 있는데, 예전에 식수로 이용된 듯 돌과 콘크리트로 벽이 둘러져 있고, 그 밑으로 우마용으로 쓰였듯이 보이는 못이 만들어져 있다. 화구가 터진 방향인 오름 서쪽에는 5개의 암설류 봉우리가 있는데, 마을에서는 이들을 각각 염통오름, 달모루(월지봉), 족은염통, 숨골왓, 진동산 등으로 부르고 있다.<br />
오름 전사면은 해송이 주종을 이루면서 숲을 이루고 있고, 화구안부에는 잡목과 가시덤불 등으로 우거져 있다. 오름 정상부에 이동통신 기지국이 설치되어 있다. 산봉우리가 두갈래로 갈라진 것이 마치 가세(가위의 제주방언) 처럼 생겼다는데서 가세오름이라고 한다고 하고, 풍수지리설에 의한 가사장삼형(袈娑長衫形)에서 가사봉(袈娑峰)이라 했던 것이 가세오름이 되었다고 풀이하기도 한다. 옛지도와 묘비에는 가사악(可沙岳), 가사봉(可沙峰) 등으로 표기되어 있다.<br />
(표고 : 200.5m 비고 : 101m 둘레 : 2,365m 면적 : 373,099㎡ 저경 : 771m)<br>",가세오름,"제주 문화관광 <a title=""새창 : 제주 문화관광 홈페이지로 이동"" href=""http://www.jejutour.go.kr"" target=""_blank"">http://www.jejutour.go.kr</a>",63622,
1866904,39,제주특별자치도 서귀포시 표선면 가시로565번길 22,,가시식당은 가시리산 돼지고기를 사용하고 있어 품질 좋은 고기만을 엄선하여 취급하고 있다. <br>,가시식당,,63623,064-787-1035
1885754,12,제주특별자치도 서귀포시 대정읍 하모이삼로21번길 7,,"일주도로의 대정읍 일과리에서 동일리 가는 길로 약 1km쯤 들어가면 도로좌측에 우뚝 서있는 오름으로, 예전에 이 오름에 가시나무(물참나무)가 많았다하여 가시오름이라고 부르고 있다. 모슬포지역은 오름이 그리 많지 않고 해안지역의 단구지형과 평야지대로 이어져 있어 오름의 식별이 용이하며, 주민들은 밭농사를 주로 하고 있고, 보롬이오름과 같은 일부오름들은 침식과 매몰에 의해 원래 오름의 일부분(봉우리)만 남아있는 형태를 보여주는 곳도 있다. 오름의 동남쪽사면은 다소 가파르고, 서북쪽사면은 대체로 완만한 사면을 이루면서 남서쪽으로 벌어진 말굽형 화구를 이루고 있으며, 정상부까지 농로가 나 있다. 전사면에 해송이 주종을 이루면서 잡목과 함께 숲이 우거지고 그 사이에 예덕나무, 보리수나무등이 식생하며, 일부사면에는 중턱까지 경작지가 조성되어 있다.<br />
(* 표고(m): 106.5 / 비고(m): 77 / 둘레(m): 1874 / 면적(m): 263863 / 저경(m): 676) <br>",가시오름,"제주 문화관광 <a title=""새창 : 제주 문화관광 홈페이지로 이동"" href=""http://www.jejutour.go.kr"" target=""_blank"">http://www.jejutour.go.kr</a>",63507,
1866951,39,제주특별자치도 서귀포시 신서로122번길 74,,"집에서 조리하는 음식 그대로 손님상에 올린다. 서귀포 신시가지 서귀포시청 제2청사 뒤편에 있어 공무원과 직장인을 상대로 가정식으로 상차림을 한다. 특히 점심시간에 손님들이 많이 몰리는 음식점이다. 음식점의 공개된 주방은 정갈함을 더해 오시는 손님들에게 믿음 감을 주고 있다. 국내산 돼지고기, 쌀, 김치 등을 사용하고 있으며 주인장이 직접 장을 보기 때문에 더욱 저렴한 가격으로 손님을 맞고 있다.<br>",가정식당,,63565,064-739-7272
126446,12,제주특별자치도 서귀포시 대정읍 가파로 73,http://tong.visitkorea.or.kr/cms/resource/18/1999118_image2_1.jpg,"대정읍 모슬포에서 남쪽으로 5.5㎞ 떨어져 있는 섬으로 모슬포와 마라도의 중간지점에 위치하고 있다. 면적은 0.84㎢로 마라도보다 약 2.5배 더 크다.
 19세기 중엽부터 사람이 살기 시작한 이 섬의 주민들은, 주로 어업에 종사하며 살고 있다.
 주변 바다는 파도가 거칠어서 가끔 파선하는 일이 있는데 1653년 네덜란드의 선박 
 스펠웰호의 가파도 표착은 널리 알려진 사건이다. 그 배에 승선하고  있던 헨드릭 
 하멜은 고국으로 돌아간 뒤에 '난선 제주도 난파기와 조선 국기'를 저술하여 서양에서는 처음으로 우리나라를 소개했다.
 현재 서귀포시 안덕면 사계리 산방산 아래의 용머리해안 입구에는 ""하멜의 표착기념비""가 있다.<br /><br />&gt;&gt; 
<a href=""http://korean.visitkorea.or.kr/kor/inut/where/festival/festival.jsp?cid=712175"" target=""_blank"">가파도청보리축제 2016</a><br>",가파도,"제주 문화관광 <a href=""http://www.jejutour.go.kr"" target=""_blank"" title=""새창: 제주시 문화관광 홈페이지로 이동"">http://www.jejutour.go.kr</a>",63514,
1887368,12,제주특별자치도 서귀포시 호근동,,"조면암질의 용암원정구로 된 바위산으로 험한 산세를 보이며, 제지기오름, 섶섬, 문섬, 범섬과 연결되는 제주도 남부해안의 용암원정구대를 이루고 있다. 북사면은 완만한 구릉으로 이어진 데에 반해, 남사면은 세가닥 등성마루가 뻗어내리고, 이 등성마루는 중앙에 바위로 이루어진 주봉을 중심으로 좌, 우 양쪽에 하나는 남동향, 다른 하나는 남서향으로 마치 학이 양날개를 펼친 듯이 뻗쳐 있어, 학이 날개를 펴고 날아와 앉은 모양이라 하여 일명 학수바위(鶴首岩)라고도 한다. <br />
오름 주변지역은 감귤원이 조성되어 있고, 남쪽기슭에 영산사라는 절이 있으며 절 뒤편으로 작은 비탈길이 산위까지 나 있다. 비교적 자연림이 잘 보호되어 있어 교목층에는 수고 15m 정도가 되는 구실잣밤나무가 주종을 이루면서 참식나무, 참가시나무, 붉가시나무 등 전형적인 난대림을 대표할 수 있는 상록활엽수가 울창하게 식생하고 있으며, 관목층에는 수고 3m 내외의 사스레피나무와 모새나무, 돈나무 등이 분포하고 있다. 초본층에는 겨울딸기, 자금우, 백량금 등이 집단화 되어 있으며 족제비고사리, 좀고사리 등 난대성 식물들이 다양하게 자라고 있다. <br /> <br /> 각시바우오름은 각수바우오름이라고도 하며 줄여서 각시바우, 각수바우 또는 학수바우라고 부른다. 각시바우는 한자로 角氏岩(각씨암), 氏岩(씨암), 妻岩(처암) 등으로 표기돼 있으며 한 여인의 애통한 사연이 서린 이름이다. 각시바위라는 이름은 한 각시가 떨어져 죽은 바위라는 데서 붙인 것이라고 한다. 이에 따라 오름에 얽힌 열녀바위 전설이 전해지고 있다. 각수바우는 각수악(角秀岳) 또는 각수암(角秀岩, 角首岩) 등으로 표기되며 바위 모양이 쇠뿔같이 생겨서 뿔 돋은 머리라 하여 붙여진 이름이라고도 한다. 학수바우(鶴首岩)란 이름은 아마도 풍수지리에서 나온 것으로 학이 날개를 펴고 날아와 앉은 자세라는 것이다. 정상부는 서귀포 앞바다를 전망할 수 있고, 주변의 좋은 경치로 인해 예로부터 선비들이 풍류를 즐겼던 곳이라고 한다.<br />
* 표고 : 395m 비고 : 140m 둘레 : 3,416m 면적 : 585,988㎡ 저경 : 979m<br>",각시바우오름,"제주 문화관광 <a title=""새창 : 제주 문화관광 홈페이지로 이동"" href=""http://www.jejutour.go.kr"" target=""_blank"">http://www.jejutour.go.kr</a>",63575,
1887381,12,제주특별자치도 서귀포시 성산읍 서성일로 898-8,,"성읍리 사거리에서 성산으로 가는 도로변 남산봉 입구에 위치해 있는 연못으로 행정구역상 성산읍 신풍리에 해당되지만 오히려 성읍에 가까워 소유도 성읍리 마을 소유이다. 풍수지리설에 의하면 이 못은 목마른 말이 물을 마시는 것과 같고 또, 마소의 급수용으로 이용한 데서 연유하여 '갈마못' 이라는 이름이 붙여졌다고 한다. 자연적으로 조성된 이 못은 아무리 가물어도 물이 마르지 않는다고 하며, 중앙의 작은 못에는 돌담이 원형으로 둘러져 있고 예전에 식수로 이용되었던 흔적인 물팡돌이 놓여 있다. 물의 유입은 남산봉 화구쪽에서 수로를 따라 유입되는 것으로 추정되며 이와 아울러 인위적으로 조성된 우수관이 도로변 밑으로 시설되어 연못으로 유입되고 있다. 못의 일부는 농업용수로 활용하기 위해 60㎡정도가 도로 높이로 매립되어 있으며 그 너머로는 농경지가 경작되고 있다. 대부분 지역이 추수식물과 부엽식물(浮葉植物)이 고른 분포를 보이나 침수식물(沈水植物)의 분포는 빈약한 편이다. 중앙에 있는 '작은못'에는 환경부 지정 보호야생식물인 순채가 군락을 이루며 자생하고 있고, 못의 가장자리 및 중앙부에는 대부분 기장대풀이 우점하고 있는 식생을 보이고 있는데, 전체적으로 기장대풀군락, 송이고랭이군락, 좀어리연꽃군락, 순채군락으로 구분될 수 있다. 기장대풀이 우점하는 지역은 주로 연못의 가장자리를 중심으로 비교적 수심이 10cm 이하로 택사, 골풀, 고마리 등이 분포하고 있다. 못의 중앙일부와 도로변에 인접한 지역으로 수심 20∼40cm 정도이고 우수의 유입과 농업용수의 취수가 이루어지는 지역을 중심으로 좀어리연꽃 및 송이고랭이가 우점하는 지역이 나타나며, 환경부지정 보호야생식물인 순채는 못의 중앙부(돌담축조로 구획된 지역)와 기장대풀이 우점하는 곳에 일부가 분포하고 있다. 또한, 환경부지정 보호야생식물인 물부추는 유수의 유입구 지점에 드물게 생육하고 있으며 곡정초, 개수염 등과 혼생하고 있다. 연못정비 등업으로 수량이 많이 줄어들어 수서곤충류는 발견하지 못했으며 왜가리, 쇠백로 등의 조류만 관찰되었다.<br>",갈마못(갈뫼못),"제주 문화관광 <a title=""새창 : 제주 문화관광 홈페이지로 이동"" href=""http://www.jejutour.go.kr"" target=""_blank"">http://www.jejutour.go.kr</a>",63631,
635593,12,제주특별자치도 서귀포시 안덕면 사계남로216번길 24-61,,"사계리 산방산 아래에 위치한 갈중이는 현관 앞으로 돌하르방이 놓여 있고 입구에 들어서면 감물원단을 볼 수 있다. 매장 중앙에 제주 갈옷이 전시되고  왼쪽으로 침실을 꾸며 놓은 침구매장이 자리하고 있으며, 갈옷 매장 뒤편으로는 잔디밭 위에 천연염색체험마당이 있다. 갈옷 매장에는 제주 감물 소품들과 갈옷들이 전시되어 있고, 침구 매장에는 감물염색과 쑥물염색의 자연스러운 조화로 침실을 연출했다.<br>",갈중이(천연염색체험),"갈중이 <a href=""http://www.jejumg.com/"" target=""_blank"" title=""새창: 갈중이 홈페이지로 이동"">http://www.jejumg.com</a>",63528,
2469471,12,제주특별자치도 서귀포시 남원읍 서성로 684-22,http://tong.visitkorea.or.kr/cms/resource/93/2465593_image2_1.jpg,"<strong> 새콤달콤 감귤이 주스가 되기까지 </strong> <br/>
우수한 품질의 제주감귤을 주스로 생산하기 위해 조성된 감귤복합처리가공단지로서 2002년부터 제주감귤주스를 생산하고 있으며, 주스 생산에 필요한 가공과정 전체를 견학할 수 있다.  제1가공공장과 제2가공공장이 있으며 견학은 주로 제1가공공장에서 이뤄지고 있다. <br>",감귤복합처리가공공장,"제주특별자치도개발공사 홈페이지 참여마당 페이지 <a title=""새창: 감귤복합처리가공공장 홈페이지로 이동"" href=""http://www.jpdc.co.kr/"" target=""_blank"">http://www.jpdc.co.kr/</a>",63614,
1866954,39,제주특별자치도 제주시 오남로 12,,"가족경영(어머니, 아들, 며느리)으로 인건비를 절감하고 있으며, 모든 재료를 자체 농장에서 직접 조달하여 신선하다. 특히, 이 집의 우거지탕은 손님들이 많이 찾는다.<br>",감나무집,,63191,064-722-8292
1887493,12,제주특별자치도 서귀포시 안덕면,,"오름기슭자락으로 원수악과 연결되어 있다. 오름사면은 완만하고 북동쪽으로 벌어진 말굽형 화구를 이루고 있다. 화구쪽 사면은 풀밭을 이루고 그 외 사면은 삼나무 등이 조림되어 있다. <br />
* 표고 : 439.8m 비고 : 45m 둘레 : 1,370m 면적 : 117,413㎡ 저경 : 454m<br>",감낭오름,"제주 놀멍쉬멍 <a href=""http://www.jejutour.go.kr"" target=""_blank"" title=""새창: 제주 놀멍쉬멍 홈페이지로 이동"">http://www.jejutour.go.kr</a>",63523,064-740-6001
1887501,12,제주특별자치도 제주시 구좌읍 송당리 산297,,"성불오름 서쪽 기슭자락으로 이웃해 있는 오름으로, 동부산업도로변 성불오름 옆으로 오름자락까지 농로가 나 있다. 성불오름 정상에서 내려다 보면 화구 북쪽으로 넓게 벌어진 모습이나, 응회환(tuff ring)의 구조와 유사한 원형 분화구의 형태를 갖추고 있는 것을 알 수 있다. 화구안에는 초지가 조성되어 있고, 전사면은 풀밭을 이루면서 구슬붕이가 듬성듬섬 보이고, 북서쪽사면 기슭에는 미나리아재비가 군락을 이루고 있다.<br>",감은이오름,"제주 문화관광 <a title=""새창 : 제주 문화관광 홈페이지로 이동"" href=""http://www.jejutour.go.kr"" target=""_blank"">http://www.jejutour.go.kr</a>",63355,
1887866,12,제주특별자치도 서귀포시 표선면 가시리 산2,,"산 모양이 미처 껍질을 벗지 못한 굼벵이처럼 생겼다 하여 갑선이오름이라고 부르고 있고, 수림으로 덮인채 가시리 마을쪽인 서남쪽으로 얕게 벌어진 말굽형 화구를 이루고 있다.<br />
주변지역은 과수원과 농경지가 조성되어 있으며, 마을과 오름사이에 있는 가마천(가시천)은 세화리 바닷가로 이어져 있다. 오름 기슭에는 삼나무가 조림되어 있고, 그외 오름 각사면은 상록수, 낙엽수 등 혼효림의 울창한 숲을 이루고 있다.&nbsp;<br />
* 명칭의 유래 - 산모양이 껍질을 못벗는 매미와 같다고 하여 `갑선이오름` 이라 불렀으나 한자표기로 `甲蟬岳(갑선악)` 이라 호칭하게 되었다고 한다.<br />* 표고 : 188.2m 비고 : 83m 둘레 : 1,859m 면적 : 252,799㎡ 저경 : 604m<br>",갑선이오름,"제주 문화관광 <a title=""새창 : 제주 문화관광 홈페이지로 이동"" href=""http://www.jejutour.go.kr"" target=""_blank"">http://www.jejutour.go.kr</a>",63623,
127050,12,제주특별자치도 서귀포시 강정통물로,http://tong.visitkorea.or.kr/cms/resource/72/197272_image2_1.jpg,"서귀포시 강정동 마을 동쪽에 있는 강정천은 평소에는 말라버리는 제주도의 일반 하천과는 달리 사계절 맑은 물이 흐르는 곳이다. 예로부터 대가내천, 대가래천, 큰내 등으로 불렸으며, 강정천을 인접하여 강정취수원과 정수장이 있으며 서귀포시 식수의 70%를 강정천에서 생산 공급하고 있다. <br />
 강정천은 용천수로 매년 11월부터 이듬해 4월까지는 용출 수량이 다소 줄어들지만, 풍수기인 6월∼9월에는 많은 수량이 용출되어 바다로 흐르고 있다.
 하천길이가 총 16km, 소 7곳, 교량 6개, 폭포 13개가 있고, 맑은 물이 흐르는 하천 양쪽에는 기암절벽과 노송이 우거져 절경을 이루고 있다. 강정천에는 다른 지역에서 보기 어려운 1급수 어종인 은어가  서식하고  있으며, 천연기념물 제327호인 원앙이 무리지어 사는게 종종 목격되고 있다. 수려한 자연경관과  맑은 물이  조화를 이루는 명소로 한여름에는 더위를 피해 찾아오는 피서객으로 만원을 이룬다. <br>",강정천,"제주 문화관광 <a title=""새창 : 제주 문화관광 홈페이지로 이동"" href=""http://www.jejutour.go.kr"" target=""_blank"">http://www.jejutour.go.kr</a>",63563,
1887873,12,제주특별자치도 서귀포시 표선면 성읍이리로57번길 162,,"산정부의 남쪽이 정상이고 북쪽은 둥긋한 모양으로 부풀어 올라있어 그 사이가 다소 우묵져 있고, 동서사면으로는 작은 골이 얕게 패여 있는 기생화산체이다. 남동사면에는 해송과 삼나무가 조림되어 있고, 그 외 지역은 풀밭을 이루면서 어린나무와 함께 술패랭이, 가시쑥부쟁이, 낭아초, 피뿌리풀 등이 식생하고 있다. 개오름의 유래에는 2가지 설이 있는데, 오름모양이 개모양 같다하여 개오름이라 부른다는 이가 있는가하면 풍수지리의 형국설에서 나온 이름이라고 전해지기도 하며, 이 경우에는 개오름을 한자로 狗岳(구악)이라고 표기하고 있다. 옛지도에는 蓋岳(개악)이라고 표기돼 있는데, 이에 따라 산모양이 蓋(개) 즉, 밥그릇 뚜껑, 혹은 양산처럼 생겼다는 풀이가 있다. 굼부리 형태로는 원추형이다. <br />* 표고 : 344.7m 비고 : 130m 둘레 : 2,069m 면적 : 333,028㎡ 저경 : 654m<br>",개오름,"제주 문화관광 <a title=""새창 : 제주 문화관광 홈페이지로 이동"" href=""http://www.jejutour.go.kr"" target=""_blank"">http://www.jejutour.go.kr</a>",63624,
1889809,12,제주특별자치도 제주시 명림로 584,,"5.16도로 (제1횡단도로) 조랑말목장 동쪽의 방송중계탑이 설치되어 있는 오름이다. 크고 작은 세 개의 봉우리로 이루어진 다양한 형태를 갖고 있는 복합형 화산체이며, 개오리오름은 주봉(743m)인 송신탑이 서 있는 곳의 오름을 말한다. <br />
족은개오리(664m)는 북쪽에 서향으로 벌어진 말굽형 화구를 갖는 것이고, 가운데에 샛개오리(658m)라 부르는 원추형의 작은 오름이 위치해 있다. 전체적으로 두 개의 말굽형 화구를 갖는 복합형이다. 전사면이 낙엽수, 상록수 등이 울창하게 우거진 자연림을 이루고, 일부에 삼나무, 소나무가 있다. 겨울 한동안은 잎이 다 떨어진 회갈색 사면에 층층으로 늘어선 삼나무 대열이 이채롭다. <br />
산 모양이 개오리(가오리)처럼 생겼다는 이름으로 가으리오름, 개워리오름, 개월오름으로 불리기도 한다. 犬月岳(견월악)이라는 한자명을 놓고, 개가 달을 보고 짖는 형국이라고 풀이하기도 하지만 억지 풀이에 지나지 않는다. `개월`이 개와 달을 뜻하는 것이라면 `개돌(고어로)`이거나 `개달`이어야 할 것이고, 땅 형국이 견월형이라면 견월이었어야 할 것이다. <br />
이른 시기 표기인 竝五里 또는 竝五里岳을 고려하면 `골오리오롬, 골오리오름` 또는 `고오리오롬`이 원래 이름이었던 것으로 보인다. `골오리오롬, 고오리오롬, 가오리오름`이 말하는 사람에 따라 약간의 음운변동을 초래하였고, 이것을 한자로 바꾸는 과정에서 秋月岳, 犬月岳 등으로까지 표기되면서 원래의 이름이나 뜻과는 멀어져 버렸다. 竝岳, 幷岳 등의 표기를 중시한다면 竝을 훈독자로 보고, `골오리오롬` 즉 `골른고른`[竝] 오름, 곧 두 오름이 나란히 누워있는 쌍둥이 오름으로 볼 수 있다. <br /><br />
* 개오리오름(표고 : 743m 비고 : 118m 둘레 : 3,504m 면적 : 640,913㎡ 저경 : 1,298m)<br />
* 샛개오리(표고 : 658.3m 비고 : 58m 둘레 : 1,049m 면적 : 73,832㎡ 저경 : 377m) <br />
* 족은개오리(표고 : 664m 비고 : 79m 둘레 : 1,750m 면적 : 175,778㎡ 저경 : 655m)<br>",개오리오름,"제주 문화관광 <a title=""새창 : 제주 문화관광 홈페이지로 이동"" href=""http://www.jejutour.go.kr"" target=""_blank"">http://www.jejutour.go.kr</a>",63313,
1869163,32,제주특별자치도 제주시 애월읍 애상로 207-11,,"땅이 품어주고 바람이 보듬어 주는 오늘과 내일의 쉼표 고내촌에 온 것을 환영한다. 고내촌은 제주도에서 한라산을 가장 아름답게 볼 수 있다는 고내봉(표고:175m) 오름자락에 자리하고 있다. 특히, 펜션 전체를 감싸 안고 있는 소나무 울창한 청정 숲의 초록의 생명력과  황토로 이루어진 지질은 일상에 지친 현대인의 마음을 치유하고 달래줄 것이다. 또한, 비가 와도 이용이 가능한 바비큐장과 각종 체험프로그램(감귤체험, 정통장류체험 등)을 통해 관광객에게 잊지 못할 추억과 감동의 한 페이지를 남겨 드릴 것이다.
<br>",고내촌휴양펜션,,63044,064-799-6787
1832696,32,제주특별자치도 서귀포시 성산읍 일주동로 5464,,"고망난돌민박은 제주민속촌 박물관(표선해수욕장)과 성산일출봉 사이에 위치한 아담하고 아늑한 전원 민박이다. 앞으로는 일주 도로(1132번 도로)에 접해있어서 여행하기에 교통이 편리하고, 일주 도로 넘어 도보로 5분 거리에 갯바위 바다가 위치하고 있어 제주바다를 느끼기 좋은 곳이기도 하다. 더불어 ""제주도 올레3코스"" 중간지점에 있어서 ""제주도 올레길""을 체험할 수 있다. 민박 주위에는 소나무와 소철, 억새풀이 어우러져 아늑한 숙소로 조용히 지낼 수 있고 가까운 관광지로는 제주(표 선) 민속촌 박물관과 표선해수욕장이 5분 거리에, 성읍민속마을과 허브동산, 김영갑갤러리가 15분 거리에 있고 성산일출봉, 일출랜드(미천굴), 섭지코지, 신양 해수욕장, 우도 등도 가까운 거리에 있다. 고망난돌민박에서 편안히 쉬고, 즐겁고 알찬 여행을 할 수 있는 기회가 되었으면 좋겠다. <br>",고망난돌민박,,63637,064-787-1060
1867998,39,제주특별자치도 제주시 애월읍 고내로7길 45-12,,"고불락 식당은 애월해안도로 마을안에 있는 작지만 깔끔한 식당이다. 상추쌈과 도새기김치찌개로 유명하고, 정갈한 음식을 제공하는 곳이다. <br>",고불락,,63045,064-799-0393
129075,12,제주 제주시 한경면 고산리,http://tong.visitkorea.or.kr/cms/resource/96/1938296_image2_1.jpg,"토끼와 염소를 풀어놓은 차귀도와 전설이 숨쉬는 수월봉을 연계한 곳으로 2001년 해양수산부가 '어촌체험관광마을'로 지정하였다. 낚시 어선을 이용해 바다낚시를 즐길 수 있으며, 어촌계 직영으로 운영하는 콘도형 민박 등  완벽한 숙박시설까지 갖추고 있다. <br>",고산마을 [해양수산부 선정 아름다운 어촌],"제주 문화관광 <a href=""http://cyber.jeju.go.kr/"" target=""_blank"" title=""제주 문화관광 사이트로 이동"">http://cyber.jeju.go.kr</a>",695-841,
135288,39,제주특별자치도 제주시 조천읍 남조로 2625,http://tong.visitkorea.or.kr/cms/resource/69/1934469_image2_1.jpg,"말고기는 소와 같은 채식성 육류의 일종으로 소 보다 높은 육질과 영양을 가지고 있다. <br/>고우니가든은 직접 제주 토종 조랑말을 제주도의 청정 지역에서 방목 하며, 월 2회말을 도축하는 날이면 어김없이 전 단골 고객들에게 연락을 해줌으로써 싱싱한 간과 검은 지름, 육회 등을 맛볼 수 있는 기회를 제공하는 정성도 잊지 않는다. <br/>현재 고우니가든에서는 말고기를 비롯, 꿩·토종닭·청둥오리 등 청정지역 제주를 대표할 수 있는 주력 품목 들을 제공하고 있다.<br>",고우니가든,,63343,064-782-1418
1868498,32,제주특별자치도 제주시 도령로 190,,고추잠자리 게스트하우스는 제주공항과 도보5분거리에 있어 이용이 편리하다. <br>,고추잠자리,,63117,064-782-2434
135864,39,제주특별자치도 서귀포시 중문관광로 23,http://tong.visitkorea.or.kr/cms/resource/01/559201_image2_1.jpg,"중문관광단지 인근의 고향제주는 제주 향토 음식점으로, 해물전골, 흑돼지, 옥돔구이, 해물 뚝배기, 갈치구이, 고등어조림 등 다양한 제주도의 음식을 먹을 수 있는 식당이다. <br />식당 가까이에 있는 중문해수욕장은 네 가지 색을 띤 모래와 제주도 특유의 검은 돌이 조화를 이루고 있으며 국내 해수욕장 중 가장 물이 맑은 청정해수욕장이다.<br>",고향제주,,63534,064-738-4066
1868009,39,제주특별자치도 제주시 천수로 12,,제주 동부 경찰서 인근에 있는 한식당이다. 제주식 고기국수를 전문으로 한다. 돼지 사골과 멸치로 낸 진한 육수에 우동 면에 가까운 통통한 국수를 만 후 돼지수육을 올려내는 고기국수는 취향에 따라 고춧가루를 넣어 먹으면 얼큰한 맛을 살려서 먹을 수 있다.<br>,골막식당,,63215,064-753-6949
1868014,39,제주특별자치도 제주시 서사로 172,,"애향운동장 사거리 근처에 위치한 식당은 그 자리를 십여 년 지키고 있다. 
그전에도 언론매체에 2층에 위치한 주인아저씨의 이발소가 소개되는 등 좋은 소문에 많이 
회자가 되는 곳이기도 하다. 
이 식당의 모든 재료는 주인아주머니가 직접 시장에 가서 제주산 및 국내산을 사고, 내 가족이 
먹는 음식이라고 생각하며 모든 음식을 어머니의 마음으로 정갈하게 하나하나 담아낸다는 것이다. 
찌개용 김치만 보더라도 직접 담은 김치를 2~3년을 묵혀두고 꺼내는 것이 여간 정성이 아니다. 
음식의 양이 많아 보이게 하기 위해 불필요한 부분까지 그냥 쓰는 일은 절대 안 한다는 아주머니는 
피곤도 하련만 영업시간 이외에라도 손님이 오면 마다치 않고 정성스레 음식을 내온다. 
이 때문에 오는 손님마다 집에서 먹는 음식 같다는 말을 많이 한다고 한다. <br>",공설식당,,63190,064-753-5945
127870,12,제주특별자치도 제주시 애월읍 곽지9길 29,http://tong.visitkorea.or.kr/cms/resource/43/599843_image2_1.jpg,"곽지해수욕장은 길이 350m, 너비 70m의 백사장과 평균수심 1.5m, 경사도 5~8도의 좋은 조건을 갖춘 해수욕장이다. 이러한 조건때문에 청소년 수련장이 설치되고 단체 피서객이 많이 찾는다. 곽지리는 선사시대의 패총이 발견되었을 정도로 유서 깊은 마을이다. 지금의 곽지해수욕장은 옛날에 마을이 들어서 있던 곳이었으나, 어느날 갑자기 모래에 파묻혔다는 전설이 전해온다. <br>",곽지과물해변,"제주 문화관광 <a title=""새창 : 제주 문화관광 홈페이지로 이동"" href=""http://www.jejutour.go.kr"" target=""_blank"">http://www.jejutour.go.kr</a>",63034,
1889833,12,제주특별자치도 서귀포시 1100로 882,,"1100도로변에 위치한 거린사슴 동측으로 이어져 있는 오름으로, 거린사슴과 1100도로의 가파른 고갯길을 사이에 두고 갈리어 있는 별개의 원추형 화산체이다. 거린사슴 중턱의 1100도로가에서는 운전자들이 쉴 수 있는 간이 휴게공간이 마련되어 있어 제주도 남서부지역의 풍광은 물론 서귀포시에서 부터 모슬포 해안까지의 바다경치를 만끽할 수 있는 전망대가 되고 있다. 갯거리오름으로 불리우고 있는 오름이 한림읍 명월리 문수동 동쪽에도 있다.<br>",갯거리오름(갯그르),"제주 문화관광 <a title=""새창 : 제주 문화관광 홈페이지로 이동"" href=""http://www.jejutour.go.kr"" target=""_blank"">http://www.jejutour.go.kr</a>",63554,
1890152,12,제주특별자치도 서귀포시 1100로 823,,"서귀포시 하원동과 대포동 경계인 1100도로변에 위치하고 있으며, 영실입구에서 1100도로를 따라 남쪽으로 약 3km 지점의 도로변 우측에, 한라산 남서사면의 산림지대와 목야지대의 경계를 이루면서 가로 누워있다.<br />
두개의 작은 봉우리가 이어져 남서에서 북동으로 등성마루가 뻗었으며, 주봉에서 서쪽으로 다소 얕게 벌어진 말굽형 화구를 이루고, 주봉은 붉은오름, 작은오름을 알오름이라고 하여 따로 부르고 있다.<br />
남동사면은 삼나무가 조림되어 있고, 정상 서쪽사면은 자연림의 울창한 숲을 이루고 있으며, 오름 남쪽봉우리의 산허리를 돌아가며 임도가 정상부까지 개설되어 있다.<br />
- 오름명의 유래 : 사슴이 살았다고해서 거린사슴이라 불리우고 있으며, 거리다는 갈리다(갈라지다)의 옛말로 오름이 두개의 봉우리로 갈리어져 있음을 말한다.<br>",거린사슴,"제주 문화관광 <a title=""새창 : 제주 문화관광 홈페이지로 이동"" href=""http://www.jejutour.go.kr"" target=""_blank"">http://www.jejutour.go.kr</a>",63554,
1918646,12,제주특별자치도 제주시 구좌읍 송당리 산 145,,"동부산업도로 대천동 사거리에서 송당을 잇는 1112번 도로 송당목장 입구 반대편에 도로와 접해 있는 오름으로, 송당목장 입구 반대편, 목장안으로 들어가 능선을 따라 오르면 쉽게 오를 수 있다. 이 오름은 서쪽방향으로 크게 벌어진 말굽형 화산체로서 서쪽기슭에는 거슨세미라 부르는 샘이 있는데, 샘(용천)의 방향이 일반적으로 하류의 바다방향이 아닌 한라산쪽으로 흘러나온다 하여 逆泉(역천) 또는 逆水(역수)의 의미로 거스른 방향의 샘 즉, 거슨세미라 부르고 있다.도내의 기생화산체 중에는 이렇게 화구상에서의 거스른 샘이 몇몇 존재하고 있다. 이는 1개의 화산체상에서 집수된 독립된 상위 지하수체가 스코리아(scoria)층의 하부를 받치고 있는 용암에 의해 하방침투가 안되어 용암의 노두를 따라 용천하는 경우라고 설명할 수 있겠다.오름은 전사면으로 삼나무가 주종을 이루는 잡목숲을 이루고 있고, 동쪽 사면에 골이 패인 곳에는 돌담이 둘러진 서너개의 묘가 있고, 군데군데 찔레덤불이 우거져 있다.<br />
(표고(m): 380 비고(m): 125 둘레(m): 3500 면적(m): 661438 저경(m): 1137)<br>","거슨세미(세미오름, 샘오름)","제주 문화관광 <a title=""새창 : 제주 문화관광 홈페이지로 이동"" href=""http://www.jejutour.go.kr"" target=""_blank"">http://www.jejutour.go.kr</a>",63355,
1918965,12,제주특별자치도 제주시 연동 산150,," 형태는 전체적으로 북쪽으로 벌어진 말굽형 화구를 끼고 양쪽 등성이가 길쭉하게 뻗어 내린 것이 U자형에 가까운 형태로 침식이 상당히 진행된 것으로 보이며, 한라산 쪽은 새로운 용암에 의해 덮여있어 상대적인 비고를 파악하기 어렵고, 구성물질은 주로 붉은 송이로 이루어져 있다.<br />
해송과 삼나무가 주종을 이루며 울창한 숲을 이루고 있으며, 숲그늘 아래에는 새우난, 복수초 등이 자생하고 있다. 오름은 등성이 마다 제주시 가족공동묘지가 대규모로 조성되어 있어 오름 주변은 공동묘지 단지를 이루고 있다. <br />
* 명칭의 유래 - 오름모양이 걸쇠모양과 비슷하여 걸시(걸쇠의 제주방언)오름 이라 부르고 있다. 한자표기 傑豕握(걸시악)은 한자 음을 빌어 표기한 이두문식 표기이다.<br />
(표고 : 732.4m 비고 : 82m 둘레 : 2,093m 면적 : 277,449㎡ 저경 : 711m)<br>",걸시오름,"제주 문화관광 <a title=""새창 : 제주 문화관광 홈페이지로 이동"" href=""http://www.jejutour.go.kr"" target=""_blank"">http://www.jejutour.go.kr</a>",63080,064-728-2742
598635,12,제주특별자치도 제주시 우도면 우도해안길,http://tong.visitkorea.or.kr/cms/resource/12/1620312_image2_1.jpg,"우도봉 아래에 협곡 속에 검은 모래 해변의 `검멀레`해수욕장은 폭 1백여 미터의 작은 해변이다. 바닷물을 껴안고 오르는 듯한 우도의 일출. 검은 모래사장을 뛰어 바다로 향하면 금방이라도 손에 잡힐 듯한 태양, 고래가 살았다는 해변 끝 동굴로 들어서면 시원한 물을 받아먹는 재미를 느낄 수 있다.<br>",검멀레해변,"제주 문화관광 <a title=""새창 : 제주 문화관광 홈페이지로 이동"" href=""http://www.jejutour.go.kr"" target=""_blank"">http://www.jejutour.go.kr</a>",63365,
2359165,39,제주특별자치도 서귀포시 검은여로 4,http://tong.visitkorea.or.kr/cms/resource/96/2046596_image2_1.jpg,"제주특별자치도 서귀포시 토평동 검은여 해안 인근에 위치한 검은여쉼터는 토종 닭도가니와 닭백숙 전문점이다. 올레길 코스에 위치하고 있어 간단하게 끼니를 때울 수 있는 다양한 메뉴를 판매하고 있다. 서귀포 칼호텔, 파라다이스 호텔이 인근에 위치해 있고, 바로 앞이 검은여 해안이기 때문에 관광객들이 즐겨 찾고 있다. <br>",검은여쉼터,,63599,064-733-3030
1867997,39,제주특별자치도 제주시 한라대학로 72,,겐짱야는 학생들이나 도서관 이용자들이 많고 음식량이 많아 배고픈 학생들이 많이 찾는 곳이다. 신선한 재료를 사용하고 조미료를 많이 줄여 메뉴를 제공한다. 채소는 시골에서 직접 재배한 것을 주로 사용하며 메뉴의 가격이 저렴하여 학생들이 이용하기 좋다.<br>,겐짱야,,63092,064-712-5181
404193,39,제주특별자치도 제주시 한경면 용고로 86,http://tong.visitkorea.or.kr/cms/resource/42/401542_image2_1.jpg,고산리 시내 농협 사거리에 소박하게 위치한 관심해장국 식당은 여타 유명한 식당과는 달리 진한 해장국 국물 맛으로만 조용히 입소문이 난 식당이다. 이 곳은 쇠고기 선지 해장국이 주 메뉴이며 콩나물 해장국과 소 내장탕은 시골의 진한 국물 맛을 그대로 간직하고 있다.<br />쇠고기 선지 해장국은 뚝배기 한가득 아끼지 않고 담은 쇠고기와 선지의 양으로 보기만 하여도 푸짐하다. 콩나물 해장국 또한 진하고 시원한 국물 맛이 일품이며 콩나물 위에 살포시 얹혀지는 마른김은 더욱 입맛을 돋운다.<br>,고관심해장국,,63008,064-772-2825
127051,12,제주특별자치도 서귀포시 고근산로 90,,"고근산(표고 396m, 비고 171m, 둘레 4,324m)은 서귀포시 신시가지를 감싸고 있는 기생화산으로 정상에 깊지 않은 원형분화구를 갖고 있는 오름이다. 그리 높은 곳에 자리잡고 있지는 않지만 툭 트인 곳에 있기 때문에 산봉우리에 서면 멀리는 마라도에서부터 지귀도까지 제주바다와 서귀포시의 풍광을 한눈에 들여다 볼 수 있다. 특히, 밤바다와 함께 어우러진 서귀포 칠십리 야경을 보려면 고근산이 적지이다.<br /><br />남동사면 중턱의 ""머흔저리""라고 하는 곳은 예전에 국상을 당했을때 곡배하던 곡배단(哭排壇)이 있고,  남서사면 숲비탈에는 꿩사냥하던 강생이(=강아지)가 떨어져 죽었다고 전해지는 강생이궤(수직동굴)이 있다. 오름 중턱에 삼나무, 편백나무, 해송, 상수리나무, 밤나무 등이 조림되어 있고, 정상 부근에는 자연석과 어우러져 사스레피나무, 예덕나무, 산철쭉이 군락을 이루고 있으나 예전에는 드물게 해송이 있는 풀밭오름이었다고 한다.  이 곳 고근산에는 전설상의 거신 설문대할망이 심심할 때면 한라산 정상부를 베개 삼고, 고근산 굼부리(분화구)에는 궁둥이를 얹어 앞바다 범섬에 다리를 걸치고 누워서 물장구를 쳤다는 흥미로운 전설이 전해오고 있다. 아침 저녁으로 산책과 운동을 즐기는 사람들이 많아지면서 새로운 운동 휴양명소로 떠오르고 있다. <br>",고근산,"제주 놀멍쉬멍 <a href=""http://www.jejutour.go.kr"" target=""_blank"" title=""새창: 제주 놀멍쉬멍 홈페이지로 이동"">http://www.jejutour.go.kr</a>",63574,064-740-6001
127490,12,제주특별자치도 제주시 한림읍 한림로 329-10,http://tong.visitkorea.or.kr/cms/resource/73/218873_image2_1.jpg,"협재해수욕장은 제주시 서쪽 32km 거리의 한림공원에 인접해 있다.  조개껍질가루가 많이 
 섞인 백사장과 앞 바다에 떠 있는 비양도, 코발트 빛깔의 아름다운 바다와 울창한 소나무숲이 한데 어우러진 풍광이 매우 아름답다.  백사장의 길이 약 200m, 폭은 60m, 평균수심
 1.2m, 경사도 3~8도로서 수심이 얕고 경사가 완만하여 가족 단위의 해수욕장으로 적합하다. 
 또한 각종 편의시설이 잘 갖추어져 있으며 소나무 숲에서는 야영도 가능하다.
 이 해수욕장의 남서쪽 해안은 금릉해수욕장과 이어져 있는데, 주민들은 두 해변을 합쳐 협재해수욕장이라고도 부른다.
<br /><br />
 해수욕장 내에는 탈의실, 샤워실, 휴게소, 식수대, 화장실 등 각종 편의시설이 있어 이용하기에도 편리하다. 또 해수욕장 주변에는 짙은 송림이 있어 야영과 산림욕을 즐길 수 있고,
 전복과 소라가 많이 잡히기 때문에 싱싱한 해산물을 마음껏 맛볼 수 있다.
 멀지 않은 곳에는 한림공원과 협재굴, 명월대, 황룡사, 영각사 등이 있어 해수욕과 함께 주변을 둘러볼 수 있으며 특히 해수욕장 정면에 보이는 비양도의 모습은 맑고 깨끗한 해수와 어울려 아름다운 풍광을 연출하며 이곳에서 바라보는 낙조 또한 아름답다.<br>",협재해변,"제주 문화관광 <a href=""http://www.jejutour.go.kr"" target=""_blank"" title=""새창 : 제주 문화관광 사이트로 이동"">http://www.jejutour.go.kr</a>",63011,
128793,12,제주특별자치도 서귀포시 안덕면 사계리,http://tong.visitkorea.or.kr/cms/resource/30/197730_image2_1.jpg,"형제섬은 산방산 바로 앞에서 내려다보이는 무인도로. 사계리 포구에서 남쪽으로 1.5km 떨어진 지점에 있으며, 크고 작은 섬이 마치 형제처럼 마주하며 떠 있다.
 길고 큰 섬을 본섬, 작은 섬은 옷섬이라 불렀다. 본섬에는 작은 모래사장이 있으며 옷섬에는 주상절리층이 일품이다. 바다에 잠겨있다가 썰물 때면 모습을 드러내는 새끼 섬과 암초들이 있어서 보는 방향에 따라 섬의 개수가 3~8개로, 그 모양도 마치 착각처럼 변하기도 한다. 이런 까닭에 일출.일몰 시 사진촬영 장소와 최고의 낚시포인트로도 유명하다.
 형제섬의 수중 아치는 다이버들에게 잘 알려져 있으며 해송, 연산호, 군락과 함께 자리돔, 줄도화돔 떼들의 유영이 만들어내는 비경을 즐길 수 있다. <br>",형제섬,,699-822,
1836883,32,제주특별자치도 제주시 서광로 278,,"제주시의 중심가에 위치한 호스텔린든은 제주공항에서 차로10분, 제주시외버스터미널에서 5분 거리에 있어 늦은 시간에 도착하거나 아침 일찍 출발하시는 여행객들에게 안성맞춤이다.  아침에는 간단한 조식도 무료로 제공되며 약간의 요금을 지불한다면 세탁과 건조까지 가능하다.  제주 사정에 밝은 직원에게 자세한 제주여행 안내를 받을 수 있고 제주시내권역과 김녕, 성산, 표선, 남원등 제주도 동부지역방면으로의 편리한 이동이 가능하다.",호스텔 린든 [우수숙박시설 굿스테이],,63207,064-756-5506
142974,32,제주특별자치도 제주시 신광로 87,http://tong.visitkorea.or.kr/cms/resource/54/1371654_image2_1.jpg," 

바다와 한라산이 한눈에 내려다보이는 위치에 객실과 훌륭한 편의시설, 넓은 주차장을 완비하고 있는 호텔뉴크라운은 공항과 관광명소, 스포츠 시설들과 아주 가깝게 위치하고 있다. <br />

웨딩홀에서는  결혼식을 위해 호텔뉴크라운 예식부에서 모든 준비를 하고 예비 신혼부부를 기다리고 있다. 이 밖에도 연회장에서는 기억에 남을 만한 연회를 연출하고 서비스를 제공한다.<br />
 
사우나, 체력장, 수면실, 휴게실, 이·미용실 등은 최신식으로 설계되어 여행에서 쌓인 피로를 씻어낼 수 있다. 또한 토산품점, 나이트클럽, 단란주점, 스포츠마사지실, 칵테일바 등도 마련되어 있다.

<br>",호텔 뉴크라운,,63133,064-742-1001
2411625,32,제주특별자치도 제주시 서부두2길 20,http://tong.visitkorea.or.kr/cms/resource/16/2411516_image2_1.jpg,"호텔 리젠트마린 더 블루는 제주시 탑동광장 앞에 위치한 총 327실의 규모의 호텔이다. 객실 내에서 푸른 빛깔의 바다를 볼 수 있으며, 인근에 제주 최대의 횟집 단지가 자리하고 있다.",호텔 리젠트마린 더 블루,,63276,064-717-5000
142958,32,제주특별자치도 서귀포시 중문관광로72번길 53,http://tong.visitkorea.or.kr/cms/resource/64/1934064_image2_1.jpg,"중문 관광단지 내 최고급 호텔 및 해안산책로에 인접해 있는 제주 하나호텔은 경제적이면서 깔끔한 호텔로 자리매김하고 있다. 또한 한라산과 중문 CC, 그리고 푸른 바다와 함께 계절 따라 변화하는 제주의 정취를 황홀하게 느낄 수 있다.<br>",호텔 하나,,63535,064-738-7001~11
659161,32,제주특별자치도 제주시 제원1길 19,http://tong.visitkorea.or.kr/cms/resource/20/1157720_image2_1.jpg,"제주시 연동에 위치한 호텔EJ는 5층 규모의 건물로 2009년 리모델링을 통해 새롭게 단장하여 깨끗한 시설을 갖추고 있다. 객실은 일반 침대룸, 한실, 스위트룸으로 구분되어 있으며 내부 인테리어가 쾌적하고 안락한 분위기를 연출한다. 특히 전객실에는 대형 TV가 설치되어 있고 인터넷 전용선이 연결된 PC 등이 있어 비즈니스 고객이 이용하기에도 좋다. 제주공항에서 2km 이내의 거리에 위치하여 교통이 편리하고 많은 시내버스가 호텔 앞을 경유한다. 또 주변에 먹자골목이 있어 제주의 향토음식 및 유명 먹거리를 맛볼 수 있다. <br>",호텔EJ [우수숙박시설 굿스테이],,63129,064-712-7880~2
1979715,32,제주특별자치도 제주시 삼무로 14,http://tong.visitkorea.or.kr/cms/resource/95/1979695_image2_1.jpg,공항에서 5분 거리에 위치한 호텔 레오는 객실 및 호텔 전역에 220여 점의 미술작품이 전시된 갤러리 호텔로서 고급 자재 및 거위털 침구류 등을 사용하여 편안한 잠자리를 제공한다.<br>,호텔레오,,63129,064-754-7000
1898255,32,제주특별자치도 제주시 삼무로1길 10-7,,"호텔제이엠은 제주공항에서 차로 8분거리, 신제주 중심가에 위치하고 있다. 도시의 인기 명소까지 이동하기 쉬운 곳에 자리 잡고 있다.
<br>",호텔제이엠(JM),,63125,064-747-6767
126465,12,제주특별자치도 서귀포시 성산읍 혼인지로 39-22,,"삼성혈에서 태어난 탐라의 시조 고.양.부 3신이 수렵생활을 하며 지내다가 동쪽나라(벽랑국)에서 온 세 공주와 합동혼례를 올렸다는 조그마한 연못이다. 
 얕고 작은 연못에 불과하지만,  삼신인이 이곳에서 혼례를 올림으로써 비로소 제주민이 
 늘어나고 농사가 시작되었다 한다.  <br />혼인지 바로 옆에는 삼신인이 혼례를 올린 후 신방을 차렸던 조그만 굴이 있는데, 그 굴이 세 갈래로 되어 있어 순전히 전설만은 아닌 듯하다. 
 이곳은 삼성혈과 함께 제주도 시조의 자취를 더듬어 보기 좋은 곳으로 여름철에 피어나는 붉은 연꽃은 노을처럼 곱기만 하다.
 <br>",혼인지,"제주 문화관광 <a href=""http://www.jejutour.go.kr"" target=""_blank"" title=""새창: 제주시 문화관광 홈페이지로 이동"">http://www.jejutour.go.kr</a> <br />
혼인지(다음카페) <a href=""http://cafe.daum.net/honinzi"" target=""_blank"" title=""새창: 혼인지 다음카페로 이동"">http://cafe.daum.net/honinzi</a>",63633,
1936000,12,제주특별자치도 서귀포시 성산읍 혼인지로 39-22,,"혼인지(婚姻池)는 온평리 마을에 있는 작은 연못으로 제주민의 시조인 세 신인(神人)이 이 연못에서 혼례를 치르고 나서야 제주가 흥하게 되었다는 전설을 가지고 있다. 이 전설 덕분에 온평리는 혼인지 마을로 불리게 되었고 현재처럼 전통혼례 체험을 운영하게 되었다. 전통혼례복을 입어 볼 수 있을 뿐만 아니라 과거에 치르던 혼인식을 그대로 재현해보는 체험도 있어 가족단위, 연인단위로 방문하면 더 재밌다. 어딜 가나 관광객으로 붐비는 제주도에서 한적하게 산책하며 기억에 남는 체험을 해볼 수 있는 매력적인 곳이다.<br />
[먹거리] 전복죽, 성게칼국수<br>",혼인지마을,"제주 문화관광 <a href=""http://www.jejutour.go.kr"" target=""_blank"" title=""새창: 제주시 문화관광 홈페이지로 이동"">http://www.jejutour.go.kr</a> <br />
혼인지(다음카페) <a href=""http://cafe.daum.net/honij"" target=""_blank"" title=""새창: 혼인지 다음카페로 이동"">http://cafe.daum.net/honij</a>",63633,
126443,12,제주특별자치도 서귀포시 안덕면 화순해안로 69,http://tong.visitkorea.or.kr/cms/resource/38/197738_image2_1.jpg,"이 해수욕장은 99,174m²(3만여평)의 검은 모래밭이 펼쳐진 곳으로 주변에 천혜의 자연조건을 가지고 있다.
 산방산, 용머리해안과 가깝고 남서쪽 앞바다에는 형제도, 마라도, 가파도가 떠 있어 자연경관이 매우 아름다운 해수욕장이다.            
 게다가 해변 한쪽에는 용천수가 풍부하게 솟아나기 때문에 담수욕도 즐길 수 있다. 
 안덕면 소재지인 화순리에 있어서 교통, 숙박, 매점, 음식점 등의 편의 시설이 풍부하다는 점도 빼놓을 수 없다.<br />   
 ※ 규모 - 길이 250m, 너비 80m, 평균 수심 1.2m, 경사도 5도
 <br>",화순 금모래 해변,"제주 문화관광 <a title=""새창 : 제주 문화관광 홈페이지로 이동"" href=""http://www.jejutour.go.kr"" target=""_blank"">http://www.jejutour.go.kr</a>",63530,
1890901,12,제주특별자치도 제주시 한경면 녹차분재로 594-1,http://tong.visitkorea.or.kr/cms/resource/28/1888628_image2_1.jpg,"곶자왈은 제주의 천연 원시림으로, 용암이 남긴 신비한 지형 위에서 다양한 동식물이 함께 살아가는 독특한 생태계가 유지되는 보존 가치가 높은 지역을 말한다. 여름에는 시원하고 겨울에는 따듯하여 세계에서 유일하게 북방한계식물과 남방한계식물이 공존하는 곳이다.<br>",환상숲 곶자왈공원,"제주 환상숲 <a href=""http://jejupark.co.kr"" target=""_blank"" title=""새창 : 제주 환상숲 홈페이지로 이동"">http://jejupark.co.kr</a>",63005,064-772-2488
723744,39,제주특별자치도 서귀포시 대정읍 칠전로 434,http://tong.visitkorea.or.kr/cms/resource/63/725863_image2_1.jpg,"'황금능(황금 언덕)'을 중국식으로 발음한 황금륭버거는 2003년에 개업한 이래 꾸준히 입소문을 타서 방송에만 5차례나 나올 정도로 유명해진 웰빙 허브 버거 전문점이다. 한적한 도로가에 위치한 건물은 2층 통나무 오두막으로 지어져 외관부터가 독특하다. 버거에 들어가는 소스의 원료로 쓰이는 허브는 가게 앞 넓은 텃밭에서 직접 재배하여 사용하며, 허브를 건조하여 허브차로도 판매하고 비누와 향초도 직접 제작한다. 황금륭버거의 주인이 7년간의 시행착오 끝에 개발한 메뉴인 황금륭 버거에 들어가는 패티는 제주산 흑돼지의 맛있는 부위로만 골라 숙성시켜 육질이 연하고 담백하며 허브향이 잡냄새를 없애 향긋하고 맛있다. 또한 백련초, 구아바, 사과, 배, 귤 등을 7~8개월 정도 발효시킨 소스를 이용하며 계절별로 재료에 따라 바뀐다.
<br>",황금륭버거,,63501,064-773-0097
686399,39,제주특별자치도 제주시 사장길 14,http://tong.visitkorea.or.kr/cms/resource/97/689597_image2_1.jpg, 제주시 연동에 위치한 황금어장은 제주의 토속음식을 판매하는 음식점이다. 아침식사가 가능하고 코스메뉴부터 일품메뉴까지 다양한 메뉴를 즐길 수 있다.<br>,황금어장,,63133,064-748-8989
2032460,12,제주특별자치도 서귀포시 제주 서귀포시 서홍동 766-1,http://tong.visitkorea.or.kr/cms/resource/77/2023677_image2_1.jpg,황우지해안은 제주도의 대표적인 관광명소 가운데 하나인 외돌개에서 도보로 5분 정도면 닿는 거리에 있다. 평소에도 수많은 관광객이 들락거리지만 검은 현무암이 마치 요새처럼 둘러쳐진 황우지해안은 마음먹고 찾지 않는 이상 쉽게 눈에 띄지 않는다. 올레 7코스 시작점 표식 사이로 난 길을 따라 내려가면 황우지해안 전적비가 서 있는 바닷가 절벽에 닿는다. 황우지해안은 예전 무장공비가 침투해 전투를 벌였던 곳이기도 하다. <br>,황우지해안,"제주 문화관광 <a href=""http://www.jejutour.go.kr"" target=""_blank"" title=""새창: 제주 문화관광 홈페이지로 이동"">http://www.jejutour.go.kr</a>",63594,
1890872,12,제주특별자치도 서귀포시 성산읍 일주동로,,"전사면에 부분적으로 삼나무가 조림되어 있고 그외 지역은 풀밭을 이루고 있다. 산 모양이 뒤로 굽어 있다는 데서 붙여진 이름이라 하며 한자로는 뜻을 빌어 後曲岳, 後俯岳, 九分岳 등으로 표기하고 있다. 궁대악, 돌미, 낭끼, 좌보미 등전장 600m의 등성마루가 구부러지며 화구를 감싸안고 서 서남향으로 벌어진 말굽형 화구로 초승달 모양을 이루고 있다. 화산체 형성 당시 원형 분화구에서 서쪽부분이 침식되어 없어진 형태로 보인다.<br />
(표고 : 206.2m 비고 : 36m 둘레 : 1,188m 면적 : 54,168㎡ 저경 : 389m)<br>",후곡악,"제주 문화관광 <a title=""새창 : 제주 문화관광 홈페이지로 이동"" href=""http://www.jejutour.go.kr"" target=""_blank"">http://www.jejutour.go.kr</a>",63639,
2406279,32,제주특별자치도 제주시 애월읍 부룡수길 38-24,,"후아힌제주는 고객들에게 완벽한 프라이버시를 제공하고자 디자인, 건축된 펜션이다. 전 객실이 독채로 이루어져 있으며, 테라스 풀 및 스파를 보유하고 있다.  마치 태국에 온 듯한 이국적인 분위기가 압도적이며 2016년 신규 오픈해 시설이 대체적으로 깔끔하다.",후아힌제주 풀빌라,,63047,064-799-1240
583141,32,제주특별자치도 서귀포시 성산읍 섭지코지로 107,,"천혜의 자연과 비일상의 즐거움이 공존하는 휘닉스 제주 섭지코지는 숙박, 휴양, 레져, 문화가 공존하는 친환경 해양 종합리조트로, 리조트 면적만 66만㎡로 바다를 향해 호리병 모양으로 뻗어 있는 섭지코지 전체를 아우르는 규모로 세계자연문화유산 성산일출봉과 마주하고 있다. 세계적인 건축거장 안도다다오가 직접 설계한 글라스하우스, 지니어스로사이 및 마리오보타의 아고라 등 현대 건축 작품들을 만날 수 있다. 콘도미니엄은 34평형 실, 54평형 실 등 총 300실로 구성되어 있으며 실내.외 수영장과 해양레포츠센터, 테라피센터, 로비라운지(섭지), 한식당(일출봉), 노래방(콩콩)과 가요주점(문라이트) 등의 부대시설을 비롯한 편의점(CU)와 PC방, 테디베어, 허브, 기념품샵 등의 편의시설을 갖추고 있다. 휘닉스 제주의 유원지인 ‘섭지코지’ 의 해안 절경을 만끽할 수 있음은 물론, 전동카트, 자전거, 해마열차, 꽃마차 등 레포츠 시설도 마련되어 있다.<br>",휘닉스 제주 섭지코지,,63642,064-731-7000~5
322836,12,제주특별자치도 서귀포시 남원읍 신례동로 256,http://tong.visitkorea.or.kr/cms/resource/02/2038802_image2_1.jpg,"휴애리자연생활공원은 제주 속의 작은 제주라는 표현이 무색할 정도로 가장 제주적이면서도 아름다운 향토 공원으로 한라산 자락이 손끝에 잡힐 듯한 곳에 있는 건강한 쉼과 제주의 향기가 살아 숨쉬는 자연생활체험공원이다. <br />
체험프로그램으로는 미끄럼틀 타는 흑돼지야 놀자 먹이주기체험, 감귤이 성장하는 과정을 보며 직접 감귤을 따는 감귤체험, “KBS 슈퍼맨이 돌아왔다” 타블로와 하루가 체험하고 간 승마체험, 제주 생활가축 먹이주기체험(산토끼, 다람쥐, 흑염소, 산양), 장수풍뎅이, 나비, 사슴벌레 직접 관찰해 보는 곤충테마체험관을 즐길 수 있다. <br />
 또한, 미꾸라지 잡기체험, 자연수영장, 돌탑쌓기 체험, 야생화 올레길 체험, 화산송이 맨발 체험, 전통놀이체험 등 다양한 프로그램이 운영되고 있는 복합 문화 공간으로 제주 문화를 이해하고 느낄 수 있다. <br>",휴애리자연생활공원,"휴애리자연생활공원 <a href=""http://www.hueree.com"" target=""_blank"" title=""새창 : 휴애리자연생활공원 홈페이지로 이동"""">http://www.hueree.com</a>",63608,064-732-2114
1019491,39,제주특별자치도 제주시 한라대학로 11,http://tong.visitkorea.or.kr/cms/resource/32/1023932_image2_1.jpg,"KBS 고향이 보인다, SBS 맛대맛, 일본 남해방송 등 국내외 TV 프로그램에서 여러차례 소개된 제주도의 소문난 맛집인 제주 흑돈가는 제주 청정 흑돼지 전문점으로 참숯을 사용한 직화구이로 흑돼지의 담백하고 고소한 맛을 살려준다. 흑돈가에서는 최고 품질의 제주 청정 흑돼지만을 사용하며,깔끔하고 세련된 실내공간은 그 맛을 더욱 돋보이게 한다.<br>",흑돈가,,63088,064-747-0088
1018723,39,제주특별자치도 서귀포시 천제연로 101,,"제주 중문관광단지 입구에 위치한 흑돼지구이 전문점 하영은 깔끔한 인테리어와 여유있는 공간에서 최상급의 흑돼지 요리를 맛볼 수 있는 곳이다. 넓은 실내공간으로 인해 단체나 가족 모임, 일반 여행객 등 누구나 부담없이 편하게 식사를 즐길 수 있으며, 더욱이 도로보다 약간 높은 지대의 언덕에 위치하고 있어 중문 앞바다와 관광단지 일대 등 제주의 아름다운 전망을 감상하며 식사를 즐길 수 있는 또다른 매력이 있다. <br>",흑돼지구이집 하영,,63534,064-738-6011
135867,39,제주특별자치도 제주시 연화로2길 20-1,http://tong.visitkorea.or.kr/cms/resource/42/1937242_image2_1.jpg,"순수 토종 말만을 사용하는 흑마가든은 제주시 연동에 자리하고 있다. 대장금에 나오는 “하늘엔 용고기요, 지상엔 말고기가 최고다”는 대사처럼 그 맛이 뛰어 나고 효능이 탁월한데 특히 제주 말은 질병에 강해서 항생제를 거의 쓰지  않아  그 맛이 더 좋다. 흑마가든에서는 저지방 고단백 식품으로 질기지 않고  부드러운 마회, 섬유질이 많고 냄새가 없으며 쫄깃쫄깃한 육질이 일품인 마육회, 얇게 썰어 입에서 살살 녹는 그 맛에 모든 사람들이 좋아하는 영양만점의 마구이, 매콤하고 지방이 적어 담백한 맛을 느낄 수 있는 갈비찜정식 등 다양한 말고기 요리를 맛 볼 수 있다.<br>",흑마가든,,63140,064-712-3532
1823088,39,제주특별자치도 서귀포시 일주동로 8421,http://tong.visitkorea.or.kr/cms/resource/94/1786494_image2_1.jpg,"[제주도 서귀포시 토평동 흑한우명품관]<br />
흑한우명품관은 서귀포시 축산농협에서 운영하는 흑한우 정육식당이다. 흑한우명품관 1층은 정육판매점으로 흑한우 및 다양한 종류의 고기를 판매하고 있으며, 2층은 식당으로 흑한우를 맛볼 수 있다. <br>",흑한우명품관,,63598,064-732-1486
1890857,12,제주특별자치도 제주시 아라이동 산 67번지,,"한라산국립공원내에 제주시 아라동과 조천읍 교래리의 경계에 위치한 오름으로, 한라산 백록담을 중심으로 동부 산록상에서는 가장 높고,  한라산 정상에 가장 가까운 오름이다.<br />
전체적인 형태는 동쪽으로 벌어진 말굽형 화구를 이루고, 화구 방향에 속칭 숫오름이라 불리는 돌오름이 마주해 있다. 화구의 잔디로 된 사면에는 시로미, 그 아래로 구상나무 등 고산식물이 자라고 있으며 오름 등성마루에서는 흰진달래 자생목이 발견된 바 있다.<br />
돌오름(숫오름)과 비교하여 옥문형이라 일컬어지는 말굽형화구 깊숙한 곳에는 샘이 있는데, 이 샘은 기생화산 화구내의 샘으로서는 가장 높은 고도에 위치해 있는 샘이다.<br />
※ 오름명의 유래오름의 흙이 매우 붉음으로 마을에서는 예전부터 흙붉은오름이라 부르고 있으며 한자로는 그 뜻을 빌어 土赤岳(토적악)이라 표기하고 있다.<br>",흙붉은오름,"제주 문화관광 <a title=""새창 : 제주 문화관광 홈페이지로 이동"" href=""http://www.jejutour.go.kr"" target=""_blank"">http://www.jejutour.go.kr</a>",63243,
1865806,39,제주특별자치도 제주시 서광로13길 3,,"농가와 직접 거래를 해서 저렴한 가격에 음식을 제공하며, 청결한 주방을 유지하고 있다. 양파, 대파, 표고버섯, 다시마, 무, 멸치 등을 이용한 천연조미료를 써서 국물맛이 좋다.<br>",1080칼국수,,63183,064-759-1089
1861656,12,제주특별자치도 서귀포시 색달동 산 1-1,,1100고지는 제주시와 서귀포시 중문동을 잇는 1100 도로의 가장 높은 곳에 위치해 있으며 우리나라에서 가장 높은 곳에 위치한 국도로 유명했던 곳이다. 한라산의 아름다운 모습을 쉽게 감상할 수 있어 관광객들이 즐겨 찾는 곳이기도 하다. 1100 도로에 인접한 1100 습지탐방로를 한 바퀴 돌며 습지생태계를 관찰 할 수 있으며 맑은 공기를 마음껏 마실 수 있다. 더불어 시시각각으로 변하는 한라산의 날씨를 체험하기에도 좋은 곳이다.<br>,1100고지습지,"제주 문화관광 <a title=""새창 : 제주 문화관광 홈페이지로 이동"" href=""http://www.jejutour.go.kr"" target=""_blank"">http://www.jejutour.go.kr</a>",63554,
2359240,39,제주특별자치도 제주시 제원길 7,http://tong.visitkorea.or.kr/cms/resource/79/2046579_image2_1.jpg,"100% 제주산 생돼지고기를 600g 단위로 판매하는 근고기 전문점이다. 제주공항, 제주도청 인근에 위치하여 관광객들이 이용하기에 편리하다.<br>",88돼지,,63129,064-711-9947
397643,32,제주특별자치도 서귀포시 성산읍 중산간동로 4328-63,http://tong.visitkorea.or.kr/cms/resource/55/1933155_image2_1.jpg,"제주 서귀포시 성산읍에 위치한 C&P리조트 유스호스텔은 멀리서 바라보면 마치 지중해에 온 듯한 느낌을 주는 유스호스텔이다. 실내 장식 또한 섬세하여 가족들이 편안한 여행을 즐길 수 있다. 성산일출봉, 섭지코지, 미천굴 일출랜드가 가깝고 근처에 표선 해수욕장이 있다.<br>",C&P리조트 유스호스텔,,63635,064-784-7701
974839,32,제주특별자치도 제주시 한경면 금등3길 25,http://tong.visitkorea.or.kr/cms/resource/58/1933158_image2_1.jpg,"igh는 신혼 및 연인 전문 이색 숙소 숙박업 지정 등록업체로써, 제주청정지역인 금등과 판포 앞바다를 향해 정면으로 세워져 있어서 바다 전망이 좋다. 전 객실 모두 바다전망이면서 멋진 비양도 섬도 한눈에 보이고 igh 건물 뒤로는 한라산을 등지고 있기 때문에 최고의 전망을 가지고 있다.<br>",IGH펜션,,63003,010-8664-3340
2469465,12,제주특별자치도 제주시 복지로1길 8,http://tong.visitkorea.or.kr/cms/resource/65/2465865_image2_1.jpg,"<strong>제주섬 방송국에 혼저옵서예</strong> <br />
제주 도청 옆에 위치한 KBS제주방송총국은 5세 이상 단체를 대상으로 견학 프로그램을 진행하고 있다. 방송 제작 현장을 직, 간접적으로 체험하고, 청사 일부 시설을 둘러보고, 다양한 문화행사도 참여해 볼 수 있다.<br>",KBS 제주,"KBS 제주 <a title=""새창: KBS제주 홈페이지로 이동"" href=""http://jeju.kbs.co.kr/"" target=""_blank"">http://jeju.kbs.co.kr</a>",63220,
1620910,12,제주특별자치도 서귀포시 월드컵로 31,http://tong.visitkorea.or.kr/cms/resource/23/1617123_image2_1.jpg,"SOS박물관(구, 익스트림아일랜드)는 3차원 입체영상물을 대형스크린(14m×8m)을 통해 즐기는 동시에 시뮬레이터의 역동적인 기계적 움직임과 바람, 연기 등 4D 특수효과를 가미하여 가상체험의 현실감을 극대화 시키는 시설로서, 최첨단 기계설비(SimEX! Iwerks)와 영상음향(DLP, 5.1CH.-DOLBY) 시스템을 결합하여 탄생하게 되는 첨단과학기술의 체험교육공간이다.<br>",SOS박물관,"SOS박물관 <a href=""http://www.seriworld.co.kr/index.php?mid=KR03
"" target=""_blank"" title=""새창 : SOS박물관 홈페이지로 이동"">http://www.seriworld.co.kr</a>",63572,
1905280,32,제주특별자치도 서귀포시 문필로35번길 46,,"더 베이 제주리조트는 한라산 정상에서부터 시작된 능선이 푸른 바다에 이르기까지의 경관을 한눈에 볼 수 있는 지리적 위치에 자리잡고 있다.<br />
또한 일상에 지친 몸과 마음을 치유하기에 좋은 환경여건들만을 고려하여 선택한 곳이다.<br />
제주 올레길 코스 중 하나인 서러울 올레 6코스와 백두산 천지를 축소해 놓은 듯한 제주의 숨은 비경 '소천지'가 리조트 바로 앞에 있다.<br /><br>",The Bay 리조트 (더 베이 리조트),,63599,"064-732-8500, 064-732-8118"
750731,39,제주특별자치도 제주시 애월읍 애월해안로 765,http://tong.visitkorea.or.kr/cms/resource/65/725865_image2_1.jpg, UFO 카페&펜션은 제주도에서 바다와 가장 가까이에 위치한 이색 숙소이자 레스토랑이다. <br />제주 국제공항에서 20분 거리에 있는 하귀 해안도로 변에 위치하고 있으며 눈 앞에 펼쳐진 바다와 환상적인 노을을 감상할 수 있는 곳이기도 하다. <br />1층과 2층이 각각 카페와 이색 숙소로 꾸며져 있다. <br>,UFO 카페&펜션,,63050,064-744-0600
139856,32,제주특별자치도 서귀포시 중산간서로 241,http://tong.visitkorea.or.kr/cms/resource/02/561502_image2_1.jpg,"중문해수욕장에 위치한 JJ하우스는 친환경 소재인 천연옥을 가공하여 건축 소재로 사용한 친환경적인 펜션이라는 점이 독특하다. 8개의 동으로 나눠진 펜션 건물은 17평, 35평 객실이 총 23개 준비되어 있으며 각 동들이 개별적으로 위치하여 조용하게 휴식을 취할 수 있다. 마치 작은 동화 마을에 온 것 같이 건물이 배치되어 있어 머무는 내내 즐거움을 선사한다. 펜션 주변에는 중문 관광단지, 여미지식물원, 천지연 폭포, 한라산, 월드컵 경기장 등이 인접해 있어 함께 둘러보기에도 좋다.",jj하우스,,63558,064-739-7891
126460,12,제주특별자치도 제주시 관덕로 19,http://tong.visitkorea.or.kr/cms/resource/52/197752_image2_1.jpg,"제주도내에서 가장 오래된 건축물 중의 하나인 관덕정은 보물 제322호로서 조선 시대 세종 30년(1448)에 목사 신숙청이 사졸들을 훈련시키고 상무 정신을 함양할 목적으로 이 건물을 세웠다. 관덕정이란 이름은 [사이관덕]이란 문구에서 나온 것으로 활을 쏘는 것은 평화시에는 심신을 연마하고 유사시에는 나라를 지키는 까닭에 이를 보는 것은 덕행으로 태어난 곳이다. 대들보에는 십장생도, 적벽대첩도, 대수렵도 등의 격조높은 벽화가 그려져 있고, 편액은 안평대군의 친필로 전해오고 있다.<br>",관덕정(제주),"제주 문화관광 <a href=""http://www.jejutour.go.kr"" target=""_blank"" title=""제주 문화관광 사이트로 이동"">http://www.jejutour.go.kr</a><br />
문화재청 <a href=""http://www.cha.go.kr"" target=""_blank"" title=""문화재청 사이트로 이동"">http://www.cha.go.kr</a>",63166,
126456,12,제주특별자치도 제주시 산록북로 660,http://tong.visitkorea.or.kr/cms/resource/92/1618292_image2_1.jpg,"제주시 아라동 한라산 동북쪽에 기슭에 있다. 언제 누가 창건했는지 알 수 없다. 
 조선 숙종때 제주목사였던 이형상이 제주에 잡신이 많다고 하여 사당과 함께 절 5백동을
 폐사시켰을 때 폐허가 되었다. 
 그 뒤 1912년 비구니 봉려관이 다시 창건하여 법정암이라고 했다. 봉려관은 원래 떠돌이
 무당이었으나 1901년 비앙도로 가던 중 우연히 풍랑을 만나 죽을 지경이 되었는데, 관음보살의 신력으로 살아나게 되었다.  
 이에 감응하여 비구니가 되어 이 절을 짓고 불상을 모셨다. 
 한 때 주민의 반대로 한라산으로 피신을 했는데, 1912년 승려 영봉과  지사 도월의 도움으로 법정암을 창건했다. 그 뒤로 신도가 늘어나자 절 이름을 관음사로 바꿨다. 
 조계종의 제 23교구 본사로 웅장한 모습을 하고 있다. 
 1964년 중건하여 오늘에 이르고 있는데,  한라산 등산의 기점 지역이라 사람들의 발길이 잦다. <br>",관음사(제주),"관음사 <a href=""http://www.jejugwaneumsa.or.kr/"" target=""_blank"" title=""새창 : 관음사 사이트로 이동"">http://www.jejugwaneumsa.or.kr</a>",63244,064-724-6830
1861336,39,제주특별자치도 제주시 광양13길 25,http://tong.visitkorea.or.kr/cms/resource/47/1860747_image2_1.jpg,[제주시 이도이동 제주시청 인근에 있는 해장국 전문점 광양해장국]<br /> 광양해장국은 제주시청 인근에 있는 해장국 전문 음식점이다. 이른 아침부터 시작하여 오후 3시면 영업을 마감한다.<br>,광양해장국,,63209,064-751-1777
1868081,39,제주특별자치도 제주시 중앙로 360,,광평도새기촌은 제주산 근고기 뿐만 아니라 신선한 제주산 한우를 저렴한 가격에 푸짐하게 맛볼 수 있는 음식점이다. <br />광평도새기촌에는 각종 모임을 위한 예약석이 마련되어 있어 사전 예약시 이용이 편리하다. <br>,광평도새기촌 이도점,,63232,064-752-3308
1918950,12,제주특별자치도 제주시 애월읍 봉성리 산41,,"북돌아진오름과 이웃한 오름으로 고양이등처럼 구부러진 모양을 하고 있어서 괴오름이라 부르고 있으며, 북쪽으로 벌어진 말굽형 화구의 굼부리형태이다. 주요 식생은 잡목으로 이루어진 자연림의 울창한 숲을 이루면서 숲그늘 아래에는 새우난, 복수초, 천남성 등이 자생하고, 오름주변 목장에는 갯취가 분포하고 있다. 지형이 마치 괴(고양이) 모양으로 생겼다는데서 괴오름 또는 괴미라고 불리었으며, 괴(고양이)는 돝(돼지) 따위와 같이 우리나라 옛말이 제주방언으로 남아있는 일례이기도 하다. 오창명(1997,1998,1999)에 의하면 이 오름의 이름은 `궤물오름(궤미오름)`으로서 `궤`는 `고양이`를 뜻하는 말이 아니고 `바위굴`을 뜻하는 말로서 `궤물`과 `궤미`는 `바위굴에서 솟아나는 물`을 뜻하는 말이라고 한다.<br />
(표고 : 653.3m 비고 : 103m 둘레 : 2,600m 면적 : 379,587㎡ 저경 : 862m)<br>",괴오름,"제주 문화관광 <a title=""새창 : 제주 문화관광 홈페이지로 이동"" href=""http://www.jejutour.go.kr"" target=""_blank"">http://www.jejutour.go.kr</a>",63039,
404121,39,제주특별자치도 서귀포시 칠십리로 145,http://tong.visitkorea.or.kr/cms/resource/08/401408_image2_1.JPG,서귀포에 위치한 괸당네 갈치요리 전문점은 제주산 갈치요리에 일각연이 있는 음식점이다.제주산 은갈칠로 만들어 내는 갈치조림과 갈치회가 이 집의 대표 메뉴이다. 매콤한 양념의 갈치조림은 큼직한 무우에 갖은 양념을 넣어 조림을 하는데 다른 반찬이 필요 없을 정도로 맛이 좋다.괸당네 갈치회는 하얀 속살에 은빛에서 느껴지는 쫄깃함이 보여진다. 관광객에 많이 알려져 성수기에는 반드시 예약은 필수이다. 1층과 2층으로 구비되어 약 150석의 넓은 좌석까지 확보하고 있어 단체고객까지도 충분히 수용할 수 있어 이용이 편리하다.<br>,괸당네갈치요리,,63596,064-732-3757
404124,39,제주특별자치도 서귀포시 성산읍 독자봉로 2,http://tong.visitkorea.or.kr/cms/resource/12/401412_image2_1.JPG,"괸당네 식당은 꿩불고기, 지슬국수와 제주 흑돼지 주물럭을 주메뉴로 하고 있다. 꿩 지슬국수는 꿩 감자국수의 제주 방언식 이름이다. 지슬이라는 방언에서 보듯 면을 감자로 만들어 신선한 입맛을 자극한다. 또 흑돼지 주물럭 고기는 방목으로 키운 토종 흑돼지를 괸당네 식당만의 특별한 양념에 버무려 구워 먹는 메뉴이다. 성읍 민속마을을 시간에 맞추어 돌아 보고 괸당네 식당에서 점심을 먹는 것도 좋을 듯 싶다. 
저녁에는 일찍 문을 닫을 수 있기 때문에 저녁식사 보다는 점심식사를 권하고 싶다.<br>",괸당네식당,,63634,064-787-1055
128443,12,제주 제주시 조천읍 교래리,http://tong.visitkorea.or.kr/cms/resource/12/2028712_image2_1.jpg,"한라산 아래 첫마을
 <br>제주시 조천읍 12개마을 중 한라산쪽에 위치한 중산간 마을로 흔히 도리라 불리우며 목가적인 전원풍경으로 가족단위 관광객이 많이 찾고있고 국가지정 천연기념물 산굼부리로 유명하다.<br />
 교래리는 약 700여년 전 화전민이  산거해 살면서 설촌했을 것으로 추정되며 한라산으로부터 흐르는 크고 작은 하천이 많아 다리를 건너 마을간을 왕래했기 때문에  도리라 
 불렀다는 설과 함께 마을에서 서쪽으로 약 800m의 암반빌레가  길게 뻗어  다리모양의
 형체를 이뤄 도리라 했다는 설이 있다.
 목장지대와 오름 등 넓은 임야지대가 펼쳐져 있고 울창한 수림과 계곡, 오름 등의  경관이 수려하며 거주지와 근접한 유휴농지를 이용한 체험 프로그램 등 제주지역을 특화할 수 있는 영농 체험공간을 조성하고 있다.<br />
<br />
 * 먹을거리 - 오리고기, 흑돼지삼겹살, 토종닭, 꿩샤브샤브
 <br>",교래 삼다수마을,"교래마을 
<a href=""http://www.gyoraeri.kr/"" target=""_blank"" title=""새창에서 열림"">http://www.gyoraeri.kr/</a>",695-811,
1872375,39,제주특별자치도 제주시 조천읍 교래3길 24,,"교래아름가든은 제주 조천읍 교래리에 있는 토종닭 전문 음식점이다.<br />토종닭을 직접 잡아서 샤브와 백숙을 제공하며 이외에 닭볶음탕, 녹두죽 등 다양한 메뉴를 제공한다.<br>",교래아름가든,,63346,064-784-9100
1918984,12,제주특별자치도 서귀포시 표선면 표선면 가시리 산158-2,,"제동목장 관리사무소와 경주마육성목장 사이에 위치한 오름으로, 제동목장안으로 들어가면 쉽게 접근할 수 있다. 행정구역상 조천읍 교래리와 표선면 가시리의 경계가 산체를 동서로 양분하고 있다. 이 오름은 꽤높고 가파른 사면을 이루면서 동쪽으로 깊숙이 패이고, 아래쪽으로 좁게 비탈지면서 위쪽으로는 둥글고 넓적하게 우묵진 말굽형 화구를 이루는 것이, 처음에는 원형이던 산정화구가 동쪽으로 침식되어 말굽형 화구를 이룬 것으로 추측된다. 오름 기슭에는 삼나무가 조림되어 있고, 화구 및 각사면은 해송과 낙엽수림이 우거져 자연림의 숲을 이루고 있다.<br />
* 오름명의 유래, 어원 - 산 모양이 개(狗)의 머리와 비슷하여 구두리라고 붙였으며 후에 한자표기에 의해 拘頭岳이라 불렀다 한다.<br />
*  제주도 옛땅이름 연구 : 박용후에 따르면 구두리는 제주바다에 서식하는 우렁이의 한가지로서, 대정읍 하모리의 바다 가까운 밭인 구두리왓은 태풍이 불때 바다에서 구두리라는 우렁이가 올라온 일이 있다고 하여 붙여진 이름이라 풀이하고 있다. <br />
* 지명을 통해 본 탐라언어의 원류 - 현평효에 따르면 拘頭(구두)의 拘 (구)자에는 음 구를 취하고 頭(두)자에서는 마리두(머리두)의 마의 초성(ㅁ)만을 취해서 굼어형을 형성, 각각 拘頭(구두),拘尾(구미)로 표기해 놓은 것으로 보고 있다. 제주지명에 곰系語(계어)가 많이 분포되어 있는데, 곰은 고조선시대에 神(신)을 뜻하는 말로서, 구두리오름은 신령스러운 산이란 뜻에서 유래된 산명이라 할 수 있다고 한다.<br />
(표고(m): 517 비고(m): 117 둘레(m): 2470 면적(m): 4751437 저경(m): 782)<br>",구두리오름,"제주 문화관광 <a title=""새창 : 제주 문화관광 홈페이지로 이동"" href=""http://www.jejutour.go.kr"" target=""_blank"">http://www.jejutour.go.kr</a>",63622,064-760-2911
1876823,39,제주특별자치도 서귀포시 안덕면 녹차분재로59번길 6,,"서귀포시 안덕면 서광리에 위치한 닭요리 전문식당 꼬꼬닭한마리 본점. <br />닭한마리와 닭볶음탕, 초계국수 모두 맛있기로 소문나서 항상 사람이 많다. 제주산 생닭만을 고집해 조리하며 12시간의 한방 육수 작업으로 진하고 담백한 육수를 모든 메뉴에 사용한다. 여러종류의 닭 메뉴가 준비되어있어 기호에 맞게 주문할 수 있다.<br>",꼬꼬닭한마리,,63521,064-792-0577
735781,32,제주특별자치도 제주시 구좌읍 일주동로 1724,,"꼬뜨도르 호텔은 제주도 북제주군의 동쪽, 바다가 보이는 언덕에 자리 잡고 있으며 새로운 라이프 스타일에 어울리는 차별화된 호텔의 고급 품격과 내 집 같은 편안함으로 국제적인 휴양지, 아름다운 섬 제주도에 어울리는 최상의 서비스를 제공하고 있다. 특히, 패밀리호텔의 명성을 이어가기 위해 전직원들의 ""with all my heart"" 서비스 정신으로 따뜻한 고객 감동을 전하고 있다.<br>",꼬뜨도르 호텔,,63347,064-782-0800
1876847,39,제주특별자치도 제주시 신산로 97,,제주시 문예회관 후문 쪽에 있는 꽃가마식당은 육수를 가마솥에 오래 끓여 설렁탕을 제공하는 음식점이다.,꽃가마식당,,63274,064-755-6454
1891015,32,제주특별자치도 서귀포시 토평로148번길 28,,"끄라비 펜션은  객실과 거실에 앉아 밖을 보면 동-서로 한없이 길게 뻗은 바닷가 전망이 보이고, 가슴이 탁 트이는 듯한 편안함을 느낄 수 있는 그림과 같은 아름다운 펜션이다. 서귀포에 있는 섭섬, 문섬을 한눈에  볼 수 있으며, 옆으로는 아침 산책하기 좋은 오름들이 있다. 아침에 일어나자마자 객실에서 바다를 보는 풍광은 구름에 떠있는 듯한 황홀한 느낌을 주며 저녁에는 속삭이는 듯한 풀벌레 소리와 정겨운 개구리울음소리가 들린다. 밤에는 서귀포의 휘황찬란한 야경이 있고, 바닷가에는 불을 환하게 밝힌 고깃배들이 일렬로 서있는 듯한 배경은 참으로 낭만적이고 아름답다. 
<br>",끄라비 펜션,,63603,"064-733-3399, 010-9626-1165"
1869305,32,제주특별자치도 제주시 애월읍 평화로 2476,,제주 애월읍에 위치한 나.미.송 펜션은 인간미 느껴지는 따스하고 아늑한 곳이다.<br>,나.미.송,,63065,010-8307-0531
1876872,39,제주특별자치도 제주시 조천읍 선교로 560,,"거문오름 나무카페는 바리스타 부부가 몇 년에 걸쳐 손수 나뭇집을 지어 문을 연 갤러리 카페이다. 
나무카페의 테이블과 방석, 소품들도 모두 따스한 손의 온기로 만들어졌다. 
메뉴 역시 최고급 원두를 사용한 커피류와 오미자, 모과, 생강, 영귤, 유자 등 직접 담근 차들이 준비되어 있다. 
그 밖에도 제주에서만 맛볼 수 있는 하귤주스, 항아리에서 오래 숙성시킨 효소 차, 복분자 팥빙수, 스무디 등이 있다. 
간단한 식사로는 토마토 스파게티, 여행자식사 볶음밥, 샌드위치 등이 있다. 
2층은 거문오름이 마주 보이는 통나무 다락방 형식으로 꾸며져 있다. <br>",나무,,63341,064-783-0002
1749084,32,제주특별자치도 제주시 애월읍 애월해안로 885,http://tong.visitkorea.or.kr/cms/resource/88/1746988_image2_1.jpg,"세계 7대 자연경관으로 선정된 제주도 제주시에 위치한 나비스호텔은 창문 너머로 들리는 파도소리와 한라산의 고즈넉함, 밤하늘에 끝없이 펼쳐지는 수 많은 별빛들 속의 판타지 그 안에 있다.  나비스는 라틴어로 항해를 뜻하는 말로 제주의 신비로움과 아름다운 낭만, 그리고 멋진 추억을 선사할 것이다.  제주도의 관광지로는 한라산과 성산일출봉, 천지연폭포와 정방폭포, 우도 등 헤아리기 힘들만큼 많은 곳이 있으며 신선한 회와 흑돼지 등 먹거리도 풍부하다.",나비스호텔 [우수숙박시설 굿스테이],,63050,070-4348-7337
2374199,39,제주특별자치도 서귀포시 칠십리로 42,http://tong.visitkorea.or.kr/cms/resource/83/2374183_image2_1.jpg,"중문 관광단지에서 차량으로 10분 거리 내 위치한 횟집.<br />각종 활어회를 신선하게 먹을 수 있고, 다른 음식점과 달리 부채새우라는 음식을 보다 맛있게 먹을 수 있는 곳이다.<br>",나운터횟집,,63596,"064-763-2237, 064-762-8198"
138365,32,제주특별자치도 서귀포시 안덕면 광평로 34-156,,"푸른 숲 속에 자리잡은 그림같은 집 나인브릿지의 콘도미니엄은 빌딩형의 대규모 콘도미니엄이 아닌, 해외 유명 골프클럽에서나  볼 수 있었던 별장형 콘도이다. 또한, 많은 사람들 보다는 가치를 아는 한 분, 한 분을 소중히 대하려고 노력한다.<br>",나인브릿지콘도,,63524,064-793-9999
1876988,39,제주특별자치도 서귀포시 신중로 73,,"[제주 서귀포시 서호동에 있는 낙지요리 전문점 낙지마당]<br /> 낙지마당은 중문 관광단지 인근에 있으며, 낙지 덮밥, 돈가스, 연포탕 등 다양한 메뉴를 제공한다.  <br>",낙지마당,,63565,064-738-1524
128795,12,제주 서귀포시 남원읍 남원리,http://tong.visitkorea.or.kr/cms/resource/68/725068_image2_1.jpg,"'엉'이란 제주도 방언으로 언덕을 뜻하는데, 남원 큰엉은 큰 바위가 바다를 집어 삼킬듯이 입을 크게 벌리고 있는 언덕이라 하여 붙여진 명칭으로 절벽 위는 평지로 부드러운 잔디가 깔려 있다. 바다를 향하여 높이 30m, 길이 200m의 기암절벽이 오랜 세월동안 쉬지 않고 밀려오는 파도를 감싸안은 2개의 자연동굴을 보노라면 세속을 떠난듯한 다른 세계, 때 묻지 않은 자연에 대한 감동을 느낄 수 있다. 해안절벽을 따라 2km의 산책길, 전망대, 간이휴게실, 기초체력단련시설, 화장실 등이 마련되어 있다. 갯바위 낚시터로, 조용한 휴식처로, 연인들의 데이트 코스로도 유명하다.<br>",남원 큰엉해안,"제주 문화관광 <a href=""http://cyber.jeju.go.kr/"" target=""_blank"" title=""제주시 문화관광 사이트로 이동"">http://cyber.jeju.go.kr</a>",697-941,
1904937,32,제주특별자치도 서귀포시 남원읍 태위로495번길 12-8,,"남원 화이트 빌리지는 걸어서 5분 거리에 바다가 있다. 남제주 남원 앞 바다, 그리고 큰 엉(해안 경승지)이 그림처럼 눈앞에 와 닿으며 조금만 걸어가다 보면 물 밑이 훤히 보이는 갯바위에서 작은 소라와 고동, 미역과 여러 해초들을 마음껏 주울 수도 있다.<br>",남원화이트빌리지,,63620,"064-764-3265, 010-2088-6464"
126731,12,제주 서귀포시 성산읍 수산리,,"제주에서 성산-서귀포를 잇는 동남권 지역은 관광명소는 그리 많지 않으나 1132번 국도 (동회선 일주도로)와 1119번 지방도, 11번국도(5.16도로) 등은 빼어난 풍광을 자랑하는 드라이브코스로 알려져 있다. 
 특히 성산읍 수산리와 성읍민속마을을 잇는 중산간도로(1119번 지방도) 구간은 제주도의 가을을 가슴으로 느낄수 있는 드라이브코스이다.
 흔히 억새오름길이라 불리는 이 길은  멀리 한라산을 가운데에 두고 동서방향으로 봉곳봉곳 
 솟아오른 오름들과 가을바람에 살랑대는 억새가 조화를 이뤄 한폭의 풍경화를 연출한다.
 <br>",남제주 억새오름길,"제주 문화관광 <a href=""http://cyber.jeju.go.kr/"" target=""_blank"" title=""제주 문화관광 사이트로 이동"">http://cyber.jeju.go.kr</a>",699-902,
2469466,12,제주특별자치도 서귀포시 안덕면,http://tong.visitkorea.or.kr/cms/resource/85/2465685_image2_1.jpg,"<strong>제주의 전력을 속 시원히 책임진다 </strong><br />
국내기술진에 의해 최초로 건설된 국산화 시범발전소로, 이곳의 가동을 시작으로 제주도 전력난이 완전히 해소됐다. 발전소 내부 시설 견학을 할 수 있으며 옥상에 올라가 제주도 앞바다 풍경을 조망할 수 있다. <br>",남제주발전본부,"남제주화력발전소 <a title=""새창 : 남제주화력발전소 홈페이지로 이동"" href=""https://www.kospo.co.kr/"" target=""_blank"">https://www.kospo.co.kr/</a>",63530,
1876994,39,제주특별자치도 제주시 조천읍 남조로 2343,,"낭뜰에 쉼팡은  나무 뜰이 있는 쉼터에서 쉬었다 가라는 의미를 담고 있는 제주도 방언이다. 오름을 다녀오시는 분들과 관광객이 저렴하고 맛있는 음식을 푸짐한 양으로 접할 수 있다. 싱싱한 채소와 찰보리 밥으로 메뉴를 제공하는 이곳은, 여유로움을 즐길 수 있는 곳이다.<br>",낭뜰에쉼팡,,63344,064-784-9292
1876996,39,제주특별자치도 제주시 진남로8길 39,,"[제주시 화북일동에 있는 음식점 내가 찾은 맛고을]<br />
내가 찾은 맛고을은 제주시 화북일동에 있는 삼계탕 전문 음식점이다. 저렴한 가격에 삼계탕을 제공하고 있으며, 삼계탕 이외에도 양념수육백반 등 다양한 메뉴를 제공하며, 이곳에서 제공되는 재료는 국산을 사용한다.<br>",내가 찾은 맛고을,,63290,064-702-0216
664223,39,제주특별자치도 서귀포시 서문로29번길 20,http://tong.visitkorea.or.kr/cms/resource/85/1934485_image2_1.jpg,"네거리 식당은 일반 주택가 골목에 위치해 있지만 갈치요리 전문점으로 유명한 식당이다. 네거리 식당에서는 갈치국, 갈치구이, 갈치조림등의 갈치요리 외에도 싱싱한 각종 물회를 저렴한 가격에 맛볼 수 있다.<br>",네거리식당,,63592,064-762-5513
2472824,12,제주특별자치도 제주시 1100로 3198-8,,"키보드 와플,   먹어 본 적 있나요? <br> 온라인 게임 개발 회사 넥슨이 운영하는 컴퓨터 박물관이다. 게임의 역사, 컴퓨터의 역사를 살펴보고 미래를 상상해 볼 수 있는 공간으로  꾸며져 있다. 카페에서 판매하는 키보드 모양 와플이 유명하다.<br>
<br>
약 40여 년의 역사를 통해 인류의 삶을 가장 빠르게 변화시킨 혁신적인 아이디어이자 현재 진형형인 매체로서 '컴퓨터'의 역사와 그 발전에 기여해 온 '게임'의 역사를 함께 조망함으로써 우리의 미래를 상상해 볼 수 있는 공간이다.<br>
 <br>* 개관일 2013년 7월 27일<br>",넥슨컴퓨터박물관,"넥슨컴퓨터박물관 <a href=""http://www.nexoncomputermuseum.org"" target=""_blank"" title=""넥슨컴퓨터박물관 사이트로 이동"">http://www.nexoncomputermuseum.org</a>",63091,
138595,32,제주특별자치도 서귀포시 남원읍 남조로 861-83,http://tong.visitkorea.or.kr/cms/resource/97/1933297_image2_1.jpg,"핀란드산 홍송나무만으로 건축하여 정서적 안정감과 자연과 동화하는 작용을 하며, 습도와 온도를 스스로 조절하기 때문에 습기가 많은 여름철에도 쾌적함을 유지하고 공기를 정화시키는데 뛰어나다.<br>",노블렛 통나무 빌리지&가족호텔,,63615,"064-764-8900, 064-764-6007"
1897905,32,제주특별자치도 서귀포시 대정읍 노을해안로 416,,"""노을담은뜨락""은 모슬포항과 차귀도를 연결하는 서쪽 해안도로 중간지점에 위치하며, 모슬포항이나 차귀도까지는 8Km 약 10분 거리이고 올레길 12번 해안도로 남쪽 시작지점에 위치한다. 전 객실 바다전망으로 침대에서 바라보는 바다의 풍광은 우리에게 여유로움과 휴식을 주기에 충분하며 저녁노을은  환상적이다.<br>",노을담은뜨락,,63501,"010-5258-4993, 010-4649-4993"
733414,32,제주특별자치도 서귀포시 남원읍 남태해안로 11-12,http://tong.visitkorea.or.kr/cms/resource/42/729042_image2_1.jpg,"제주의 푸른바다를 만끽 할 수 있는 노인과 바다펜션은 고급스러운 스타일로 세련된 건축미와 우아한 인테리어로 분위기 있는 통나무 별장식 숙박시설과 자연청정림 산해로 고급스러운 전경에 자연의 깨끗함까지 겸비한 제주도 최고의 펜션이라 해도 손색이 없다. 펜션노인과 바다는 66㎡, 75㎡형 객실을 보유하고 있으며 모두 복층식의 형태이다. 분위기 있는 통나무로 인테리어를 마무리한 친환경적인 목재를 사용하여 펜션을 찾는 모든 이의 건강까지 생각한 펜션지기의 세심함이 엿보인다. 넓은 정원 바로 앞에는 탁 트인 바다가 한눈에 펼쳐져 있으며, 밤에나 낮에나 제주도 특산물인 흑 돼지 바비큐를 맛있게 구워 먹을 수 있다. 조명이 많이 설치되어 있어 밤에도 환한 펜션에서 좋은 추억을 만들 수 있다. 펜션을 이용하는 고객에게는 렌터카 대여 이벤트도 시행되고 있다. 
<br>",노인과바다 펜션,,63621,"064-764-9966, 010-9692-0021"
1621059,12,제주 제주시 애월읍 상귀리,http://tong.visitkorea.or.kr/cms/resource/04/1618304_image2_1.jpg,"구시는 나무와 돌로 수로(水路)를 파 만든것을 말한다. 구시물은 성(城)동산  북쪽 기슭 샘물로 삼별초의 식수원이었다. 이 물을 보호하기 위하여 성(城)밖인데도, 외성(外城)을 쌓아 나무로 구시를 만들어, 깨끗이 관리하였고, 아무리 가뭄이 닥쳐도 마르지 않는  질 좋은 생수라서 콜레라가 유행할때도 고성은 한사람도 희생자가 없었다고 한다.<br>",구시물,,695-909,
129073,12,제주 제주시 애월읍 구엄리,http://tong.visitkorea.or.kr/cms/resource/93/1618693_image2_1.jpg,"320여 가구에 900여 명의 주민이 거주하고 있는 구엄마을은 제주시 서쪽 16km 지점에 있다. 해안도로 주변의 절경이 매우 뛰어나며 특히 구엄포구 부근에 선조들이 염전으로 사용하던  1,653m²(500여 평)의 평평한 천연 돌염전(빌레)은  조상들의 지혜를 엿볼 수 있는 곳이다.
 <br>",구엄어촌체험마을,"구엄어촌체험마을 <a href=""http://vill.seantour.com/Vill/Main.aspx?fvno=3908"" target=""_blank"" title=""구엄어촌체험마을 사이트로 이동"">http://vill.seantour.com</a>",695-904,
602683,12,제주특별자치도 제주시 구좌읍 해맞이해안로,,"돌, 바람, 여자가 많아 삼다도인 제주도에서도 바람 많기로 유명한 행원리. 월정리가 내륙으로 굽어진 반달 모양이라면 행원리는 바다로 뻗어나간 반달 모양으로, 월정리와는 S자로 맞물려 있는 마을이다. 반도와 섬 사이로 불어오는 바람을 제일 먼저 맞는 곳이기 때문에 제주에서도 가장 바람이 센 곳이다. 그런 지리적인 여건 덕분에 풍력 발전기가 설치 되어 있다. <br /> 행원리 풍력발전단지는 구좌농공단지의 전력공급원으로 국내에서 최초로 조성되어 현재 무공해 에너지를 생산하고 있으며, 현장학습 체험지로도 각광받고 있다.  <br>",구좌풍력발전기,"제주 문화관광 <a title=""새창 : 제주 문화관광 홈페이지로 이동"" href=""http://www.jejutour.go.kr""target=""_blank"">http://www.jejutour.go.kr</a>",63359,
1872423,39,제주특별자치도 서귀포시 김정문화로 39,,"세 자매의 가족경영으로 인건비를 절감하고 있다. 직접 농사지은 식재료로 재료비를 절감하고 있으며, 닭도 직접 길러 믿을 수 있다. 주변에는 엉또폭포와 천지연이 위치해 있다. <br>",국수냐 국밥이냐,,63566,064-739-3382
1872456,39,제주특별자치도 제주시 탑동로 31-1,,"국수와냉면은 제주 탑동 이마트 건너편에 있으며, 저렴한 가격에 국수를 제공한다.",국수와 냉면,,63166,064-757-1325
1872474,39,제주특별자치도 서귀포시 효돈로 108,,"[제주 서귀포시 신효동에 있는 국수 전문 음식점 국수의 전설]<br />
국수의 전설은 다양한 국수를 제공하는 국수 전문점이다. 제주도의 유명한 국수인 고기국수를 비롯하여 비빔국수, 보말 칼국수, 전설 칼국수, 들깨 칼국수, 돔베고기 등 다양한 메뉴를 제공한다. 국수의 전설에서 제공하는 국수는 인공 조미료를 넣지 않고 국산 토판염으로 간을 맞추어 제공한다. <br>",국수의 전설,,63605,064-733-7101
1945768,12,제주특별자치도 서귀포시 안덕면 창천리 564,,"안덕면 창천리 앞 창고천 건너에 동서로 길게 가로누운 형태이며, 남사면의 난드르(대평리)를 병풍처럼 에워싸고 있는 오름이다. 대평리(서난드르)에서 감산리 안덕계곡을 잇는 도로가 군산 서쪽사면의 급경사를 가로지르며 구불구불 이어져 있으며, 이 도로로 부터 군산 남사면의 퇴적층계곡으로 들어가는 길이 나있다.<br />
오름정상을 중심으로 동반부는 서귀포시, 서반부는 남제주군에 속하여 시군경계를 이루고 있으며, 남서쪽의 월라봉(도래오름, 月羅峰)과 이웃해 있다. 정상부에 용의 머리에 쌍봉이 솟았다고 하는 두 개의 뿔바위, 동남사면의 애기업개 돌 등의 퇴적층의 차별침식에 의한 기암괴석, 남사면 계곡에 발달된 웅장한 퇴적층의 수평층리 등 군산은 감춰져 있는 제주도 최대의 화산쇄설성 퇴적층으로 이루어진 기생화산체이다. 유사시대의 분출기록인 1007년(목종10년)의 기록에 새로이 만들어졌다는 서산(瑞山)이 지금의 군산인 것으로 여러학자들에 의해 알려져 있다. 그러나 이런규모의 퇴적층이 화산분출에 의해서 일시에 만들어졌다는 것은 지질학적인 상식으로는 받아들일 수 없으며, 혹시 화산체 상에서 지진을 동반한 휴화산 활동은 어느곳에서나 가능한 것이므로 이러한 가능성을 전혀 배제할 수는 없을 것이다. 다만 제주화산도상에 분포하는 기생화산체의 신구 구분과 원형보존 여부의 고찰에 의해서 본 오름보다는 송악산지역이나 비양도지역에서가 후화산의 여운과 그에 동반된 지진활동 가능성이 더 농후한 것으로 판단된다.<br />
(표고335m, 비고280m , 둘레8111m , 면적2,836,857m, 저경2,795m)<br>",군산오름,"제주 문화관광 <a title=""새창 : 제주 문화관광 홈페이지로 이동"" href=""http://www.jejutour.go.kr"" target=""_blank"">http://www.jejutour.go.kr</a>",63532,
404126,39,제주특별자치도 서귀포시 표선면 중산간동로 4587,http://tong.visitkorea.or.kr/cms/resource/16/401416_image2_1.JPG,성읍민속마을에 위치한 이 곳 굼부리 식당은 제주산 토종 흑돼지의 돼지고기 주물럭이 주 메뉴로 제공한다.굼부리 식당만의 특별한 양념으로 제조된 주물럭 양념은 식탁에서 직접 구워 먹는데 다른 곳에서 먹는 것과 별미를 제공한다. 성읍민속마을의 특성상 저녁 영업은 거의 하지 않기 때문에 점심식사에 안성맞춤이다.<br>,굼부리식당,,63624,064-787-4861
733393,32,제주특별자치도 서귀포시 일주서로 912,http://tong.visitkorea.or.kr/cms/resource/11/729011_image2_1.jpg,"제주의 굿모닝 하우스는 아름답고 수려한 자연환경의 천국인 중문 관광단지 인근에 위치한 테마 펜션이다. 이곳은 40㎡와 57㎡의 객실들을 보유하고 있으며, 모든 객실은 원룸형이고, 40㎡의 객실은 제주 중문 단지와 서귀포의 바닷가가 훤히 보이는 조망권을 가지고 있으며 럭셔리 함이 느껴지는 커플 룸으로 신혼부부와 젊은이들에게 인기가 높은 객실 형태이다. T 테이블이 준비되어 있어 커피를 마시며 둘만의 시간을 가질 수 있고, 나무 향과 아기자기한 디자인이 포근함을 안겨준다. 57㎡의 객실은 넉넉함과 럭셔리 함이 느껴지는 가족 룸으로서 최대 6명까지 쉴 수 있는 장소이다. 사계절 언제든지 이용하는 데에 불편함이 없도록 항상 모든 사항이 완비되어 있다. 재료만 준비되면 우천 시에도 맛있는 음식과 파티를 즐길 수 있는 바비큐장이 마련되어 있다. 넉넉한 테이블과 의자가 준비되어있어 언제든지 이용 가능하다.
<br>",굿모닝하우스,,63534,064-738-5454
137759,32,제주특별자치도 서귀포시 태평로439번길 14,http://tong.visitkorea.or.kr/cms/resource/62/1933162_image2_1.jpg,"굿인호텔은 고객들이 제주에서 소중한 추억을 가지고 갈 수 있도록 항상 노력하며 가까운 관광지, 렌트카등의 정보를 제공하고 있다.<br>",굿인호텔,,63595,064-767-9600
1964461,39,제주특별자치도 서귀포시 명동로 4,http://tong.visitkorea.or.kr/cms/resource/69/1937269_image2_1.jpg,"[제주특별자치도 서귀포시 서귀동에 있는 샤브샤브 전문점 궁한스]<br /> 궁한스 샤브샤브는 이중섭거리 인근에 있는 샤브샤브 전문 음식점이다. 돼지고기와 해물로 이루어진 샤브샤브를 맛볼 수 있으며, 각종 사리들을 추가할 수 있다. <br>",궁한스 샤브샤브,,63595,064-763-3197
1960087,12,제주특별자치도 제주시 이도1동,,"
귤림서원은 제사기능을 가진 충암묘(沖菴廟)와 교육기능을 가진 장수당(藏修堂)이 복합되어 이루어진 서원이다. 충암묘는 1578년(선조 11)에 조인후(趙仁後)판관이 충암 김정(沖菴 金淨)을 봉향하기 위해 세운 사묘(祠廟)이다. 충암묘란 사호(祠號)는 김정의 호를 취한 것이며, 당초의 위치는 가락천 동쪽이었다. 장수당(藏修堂)은 이회(李？)목사가 향인 김진용(金晉鎔)의 건의로 세종 때 한성판윤을 지낸 고득종(高得宗)의 옛 집터에 세웠던 강당이다.귤림서원은 1871년(고종 8) 흥선대원군의 서원철폐령으로 훼철, 1875년(고종12)봄에는 이희충(李熙忠)목사가 장수당 옛 터에 경신재(敬信齋)를 세워서 선비의 자제들이 학업을 닦을 수 있도록 하였다. 그 후1892년(고종 29)에 조천출신 유생 김희정 등이 옛터에 오현의 뜻을 기리고자 조두석(俎豆石)을 세우고 제단을 축조하여 배향했던 곳이 바로 오늘날의 오현단이다.
<br>",귤림서원,"제주 문화관광 <a title=""새창 : 제주 문화관광 홈페이지로 이동"" href=""http://www.jejutour.go.kr"" target=""_blank"">http://www.jejutour.go.kr</a> <br />
문화재청 <a href=""http://www.cha.go.kr"" target=""_blank"" title=""문화재청 사이트로 이동"">http://www.cha.go.kr</a>",,
138494,32,제주특별자치도 서귀포시 성산읍 신천서로 11,http://tong.visitkorea.or.kr/cms/resource/68/1933168_image2_1.jpg,"사람과 자연이 어울리는 곳 낭만의 섬 제주에 위치한 귤 익는 마을은... 돌담과 감귤 과수원이 자연 그대로 어우러져 있어 마음을 편안하게 해주고, 넓은 잔디마당에 있는 야자수와 철쭉 등이 아기자기한 정원을 이루고 있다. 집의 외부는 서구식 스틸하우스로서 이국적이고 세련된 느낌을 주며, 내부는 건강에 좋은 황토로 처리하여 따뜻한 느낌을 준다. 
집 안에는 필수 가전제품을 모두 갖추어 놓았으며, 사람과 자동차의 왕래가 드물어서 한적하고 여유롭다. 정원에서는 바비큐 파티를 하고 아이들과 공놀이를 할 수 있다. 또한 바로 옆에 있는 과수원에서 귤 나무에 꽃이 피고 열매가 달리고 노랗게 익어가는 모습을 볼 수 있고, 수확기가 되면 맛있는 귤을 마음껏 맛볼 수 있다.<br>",귤익는마을,,63637,"064-787-0543, 010-3699-4820"
733624,32,제주특별자치도 서귀포시 천제연로 51,http://tong.visitkorea.or.kr/cms/resource/20/729020_image2_1.jpg,"제주 중문관광단지가 한눈에 내려다보이고 넓은 정원이 있는 그린사이드 펜션은 도심 속의 현대인에게 지친 몸의 안식처가 되어 줄 수 있는 곳이다. 그린사이드 숙소에서 제주 어느 곳으로 가든 간편하고 즐겁게 출발할 수 있으며, 각종 편의 시설은 물론 가까운 곳에 산책로가 있어 맑은 공기를 마시며 천천히 제주의 경치를 감상할 수 있기도 하다. 넉넉한 주차공간도 마련되어있어 단체 손님이 머물다 가기에 불편이 없다. 제주컨벤션 센터, 롯데호텔, 신라호텔, 중문골프장에서 각종 세미나와 워크숍, 골프모임, 회의가 있을 때 1~2분 거리에 있어 아주 편리하게 이용할 수 있다. 그리고 픽업 서비스도 시행하고 있다. 83㎡의 객실은 거실, 한실, 양실, 부엌 화장실로 구성되어 있고, 43㎡의 객실은 방, 부엌, 화장실로 구성되어 있다. 부엌에는 싱크대, 찻장, 식탁, 냉장고, 후드가 마련되어 있으며, 모든 방에는 화장대, 에어컨, 발코니가 있다.<br>",그린사이드,,63534,"064-738-0074, 010-3698-4129"
138597,32,제주특별자치도 제주시 서해안로 620-1,http://tong.visitkorea.or.kr/cms/resource/76/1933276_image2_1.jpg,제주그림리조트는 잘 알려진 용담 해안도로에 위치하고 있으며 제주 전 지역을 관광하기에 편리하며 각종 문화 생활을 즐길수 있는 위치에 조성된 특급관광 휴양펜션이다.<br>,그림리조트,,63150,"064-713-0002, 064-742-2080~1"
1872476,39,제주특별자치도 제주시 서사로24길 12,,"[제주시 삼도일동에 있는 향토음식점 그옛맛]<br /> 그옛맛은 삼도일동에 있는 돌솥밥 전문점이다. 그옛맛은 대우정이라는 음식점으로 시작하여 현재까지 영업중인 향토음식점이다. 그옛맛에서는 전복 돌솥밥, 영양 돌솥밥, 돌솥 정식 등 다양한 메뉴를 제공한다.  <br>",그옛맛,,63185,064-758-5532
404128,39,제주특별자치도 서귀포시 일주동로 8597,http://tong.visitkorea.or.kr/cms/resource/20/401420_image2_1.JPG,"서귀포시내에서 금강민물장어 음식점을 알려 진 곳으로 특히하게 종업원이 무릎을 꿇고 손님의 주문을 받을 정도로 예의가 있다. 이 곳의 가장 주된 메뉴는 민물장어구이다. 주문한 장어는 초벌구이를 나오기 때문에 손님상에서는 뒤집으며 굽지 않는다. 특별한 한방소스, 고추장 소스를 곁들여 장어의 고소한 맛을 그대로 느낄 수 있다. 여러가지 소스를 찍어 다른 맛을 느낄 수 있고 곁들어 나오는 동치미는 장어의 기름진 맛을 깔끔하게 해소시켜 준다. 별실이 별도 준비되어 있지만 예약제로 운영이 되고 있다.<br>",금강민물장어,,63589,064-733-2119
133554,39,제주특별자치도 서귀포시 표선면 중산간동로 5179,http://tong.visitkorea.or.kr/cms/resource/72/1934472_image2_1.jpg,"[제주 서귀포시 표선면에 있는 바베큐 전문 금강통돼지바베큐식당]<br/>
금강통돼지바베큐식당은 서귀포시 표선면에 있는 바베큐 전문점 이다. 메뉴에는 돼지바베큐, 오리바베큐, 돼지불고기, 오리불고기, 오리백숙, 토종닭 등을 메뉴로 하고 있으며, 예약제 운영으로 방문 전 필히 예약을 해야 한다.<br/>＊영업시간이 유동적이므로 예약시 영업확인은 필수",금강통돼지바베큐식당,,63623,"064-787-1322, 011-694-6876"
127860,12,제주특별자치도 제주시 한림읍 한림로 176,http://tong.visitkorea.or.kr/cms/resource/44/218744_image2_1.jpg,"제주는 돌, 바람, 여자가 많다해서 삼다도라 한다. 
 하지만 제주도의 돌들은 제주 외부로 반출할 수 없다.  단지 가공된 돌들만이 반출되는데, 
 제주의 가공된 돌의 대명사는 '돌하르방'!<br>똑같이 생긴 하르방만 본 여행객들에게 제주 석물의 진수를 감상할 수 있게 하는 곳이 바로 금능석물원이다. 금능석물원은 약 40여년을 돌하르방을 제작하는 장공익 명장이 제주생활의 모습들을 돌로서 표현한 33,058m²(10,000평) 부지에 조성한 공원이다.
금능석물원의  전체적인 분위기를 주도하는  불교적인 색채가 묻어나는 석불들이 있는데, 이곳 작품들은 수십년동안 이곳을 지켜온 장공익씨의 작품이라고 한다.<br>",금능석물원,"제주 문화관광 <a href=""http://cyber.jeju.go.kr/"" target=""_blank"" title=""제주시 문화관광 사이트로 이동"">http://cyber.jeju.go.kr</a>",63010,
591866,12,제주특별자치도 제주시 한림읍 금능길,http://tong.visitkorea.or.kr/cms/resource/28/1954528_image2_1.jpg,"투명한 맑은 물과 흰 모래와 조가비가 섞여 길게 이어진 아름다운 백사장, 낙조의 경관이 환상적인 이곳 앞바다에는 비양도가 있다. 얕고 새파란 바닷물 밑으로 비치는 새하얀 모래사장은 비양도까지 걸어서라도 갈 수 있을 것 같은 착각에 사로잡히게 한다.<br>",금능으뜸원해변,"제주 문화관광 <a title=""새창 : 제주 문화관광 홈페이지로 이동"" href=""http://www.jejutour.go.kr"" target=""_blank"">http://www.jejutour.go.kr</a>",63010,
2027184,12,제주특별자치도 제주시 구좌읍 김녕로 148-11,http://tong.visitkorea.or.kr/cms/resource/76/2027876_image2_1.jpg,"제주 금룡사의 템플스테이는 체험형과 휴식형 두가지이다. [체험형 템플스테이]는 주말에 운영되는 정기 체험형 프로그램으로 사찰예절, 사찰안내, 범종체험, 예불, 나 긍정 명상, 108배 자비명상, 파도소리 명상, 스님과의 대화, 칭찬샤워 등의 프로그램을 진행하고 있다. [휴식형 템플스테이]는 바쁜 일상에서 잠시 벗어나 나만의 시간, 나와의 대화를 통해 마음을 쉬어가기 위한 프로그램이다.
예불, 공양, 운력 외에 올레길 걷기, 지질트레일, 바닷가 해맞이, 독서, 기도 등 개인이 자율적으로 자아성찰의 시간을 가지면 된다.
원할 경우 108배하며 108염주 꿰기 체험, 스님과의 차담, 명상을 할 수 있다. <br>",금룡사(제주),"템플스테이 <a href=""http://www.templestay.com"" target=""_blank"" title=""템플스테이 홈페이지로 이동"">http://www.templestay.com</a>",63357,
1876796,39,제주특별자치도 제주시 원노형로 36,,"[제주시 노형동에 있는 중국요리 전문점 금문도]<br /> 금문도는 제주시 노형동에 있는 중국요리 전문 음식점이다. 중국요리의 대표메뉴인 자장면과 짬뽕을 저렴하게 제공하며, 이외에 다양한 음식을 제공한다.<br>",금문도,,63082,064-747-2380
1876804,39,제주특별자치도 서귀포시 태평로371번길 4,," 제주 토종 흑돼지 참숯구이를 전복구이와 함께 먹을 수 있는 음식점이다. 갈비탕, 뚝불고기 등의 메뉴도 인기가 좋고, 계절에 따라 제공되는 물회도 맛이 좋다. <br>",금바우,,63595,064-733-1517
1896585,39,제주특별자치도 제주시 번영로 500,,"[제주시 봉개동에 있는 향토음식점 금뽕똘]<br /> 금뽕똘 향토음식점은 제주시 동부권 초입에 위치하였으며, 320석 규모와 넓은 주차장이 마련되어 있다. 이곳의 음식은 제주 농수산물을 사용하여 제공하고 있으며, 농수산물직매장이 있어 제주산 수산물을 비롯한 다양한 토산품을 판매하고 있다. 2층 연회장은 각종 세미나, 워크숍, 피로연, 돌잔치 등의 행사를 진행할 수 있도록 빔프로젝터 및 음향시설이 갖추어져 있다.<br>",금뽕똘,,63313,064-721-1111
127310,12,제주특별자치도 제주시 애월읍 납읍로2길 47,http://tong.visitkorea.or.kr/cms/resource/38/218738_image2_1.jpg,"제주시 애월읍 납읍리 마을에 인접하여 일만여 평에  이르는 넓은 면적에
 속칭 ""금산공원""이라 불리는 곳에 울창한 상록수림이 있다.
 이곳이 자연림의 원형을 보존하고 있는 표본지역으로 원식생 연구에 기초적인 자료를 제공하고 있기 때문에 학술자원으로서 가치가 높아 문화재보호법으로 천연기념물로 지정, 보호되고 있는 납읍난대림지대이다.
 이곳은 제주시의  서부 지구에서 평지에 남아있는  유일한  상록수림으로
 상록교목 및 60여종의 난대성 식물이 자라고 있으며, 원시적 경관이 그대로 보존되고 있어 수목가지의 절취, 식물 채취 행위 및  야생동물의 포획
 등 자연을 손상시키는 행위가 일체 금지되고 있다
 <br><br>납읍리는 예로부터 반촌(班村)으로 유명하다.  이곳의 난대림지대는 예로부터 이 마을의 문인들이 시를 짓거나 담소를 나누는 휴양지로서  이용되었기 때문에 경작지와 인가가 주위에 있으마 보존이 잘 되었다고 한다.
 이곳의 식생은 주로 후박나무, 생달나무, 종가시나무 등이 상층목을 이루고, 하층에는 자금우, 마삭줄 등이 전면을 덮고 있으며, 송악이 상층목의
 수관(樹冠)을 감아 올라가고 있다.
 나무의 종류는 비교적 단순하나, 전형적인 난대림상을 이루고 있다.
 <br>",금산공원(납읍난대림지대),"제주 문화관광 <a href=""http://cyber.jeju.go.kr/"" target=""_blank"" title=""제주 문화관광 사이트로 이동"">http://cyber.jeju.go.kr</a>",63035,
129699,12,제주특별자치도 제주시 한림읍,http://tong.visitkorea.or.kr/cms/resource/65/800465_image2_1.jpg,"서부 중산간 지역의 대표적인 오름 중의 하나이다. 산정부에 대형의 원형 분화구와 산정화구호(山頂火口湖)를 갖는 신기(新期)의 기생화산체이며, 남북으로 2개의 봉우리가 동서의 낮은 안부로 이어지며 원형의 분화구 (깊이 52m)를 이루고 있다. 분화구내의 산정화구호 (일명 今岳潭)는 예전에는 풍부한 수량을 갖고 있었으나 현재는 화구 바닥이 드러나 있다. `검, 감, 곰, 금` 등은 어원상 신(神)이란 뜻인 `곰(고어)`과 상통하며, 동일한 뜻을 지닌 `곰`係語(계어)로서 고조선시대부터 쓰여 온 말이라고 한다. 즉 `금오름`은 神이란 뜻의 어원을 가진 호칭으로 해석되며, 옛날부터 신성시 되어 온 오름임을 알 수 있다. 해송, 삼나무, 찔레, 보리수, 윷노리나무 등 원형 분화구와 산정화구호이다.<br /> 
* 표고 427.5m, 비고 178m, 둘레 2,861m, 면적 613,966㎡, 저경 1,008m
 <br>",금오름,"제주 놀멍쉬멍 <a href=""http://www.jejutour.go.kr"" target=""_blank"" title=""새창: 제주 놀멍쉬멍 홈페이지로 이동"">http://www.jejutour.go.kr</a>",63021,
600584,12,제주특별자치도 서귀포시 남원읍 태위로 522-12,,"금호제주리조트는 남원관광지에 위치하고 있으며, 초원과 아름다운 해안절벽을 끼고 세워져있다. 제주아쿠아나는 물놀이 시설, 야외수영장, 스파시설 등을 갖추고 있다.
<br>",금호리조트 제주아쿠아나,"금호리조트 <a href=""http://www.kumhoresort.co.kr/"" target=""_blank"" title=""금호리조트 사이트로 이동"">http://www.kumhoresort.co.kr</a>",63620,064-766-8000
1876810,39,제주특별자치도 제주시 우정로 76,,"외도의 우랭이 마을에서 통갈비로 유명한 음식점이다. 기사숯불구이는 오직 제주산 고기만을 고집하며 십여년간 영업중인 음식점으로, 셀프서비스로 인해 불편한점도 있지만 그만큼 가격이 저렴하다. 이곳에서 제공되는 반찬은 직접 담그고 만든다. 이곳에서는 숯불, 초벌구이 이외에 모든 것은 셀프서비스이다.<br>",기사숯불구이,,63069,064-712-1192
1876812,39,제주특별자치도 제주시 월광로 162,,"[제주시 노형동에 있는 오리요리 전문 길벗식당]<br />
길벗식당은 제주시 노형동에 있는 오리 전문 음식점이다. 저녁에는 생오리구이가 많이 판매되며, 저렴한 가격의 김치전골, 순두부찌개 등 다양한 메뉴를 제공한다. 특히 제주의 토속음식 중 하나인 몸국은 제주지역 사람들도 많이 찾는 음식이다.<br>",길벗식당,,63095,064-748-0848
126453,12,제주특별자치도 제주시 구좌읍 만장굴길 34,http://tong.visitkorea.or.kr/cms/resource/36/1618236_image2_1.jpg,"김녕사굴은 제주도 북동쪽 26km 지점 만장굴 부근에 자리잡고 있다. 이 동굴의 내부형태가 뱀처럼 생겼다 해서 '사굴'이라고도 불리는데 입구는 뱀의 머리부분처럼 크게 벌어져
 있는 반면, 안쪽으로 깊숙히 들어갈수록 뱀의 형체처럼 점점 가늘게 형성되어 있어 신비스러움을 자아내게 한다.
 김녕사굴은 만장굴과 함께 천연기념물 제98호로 지정되어 보호되고 있다.
 <br>",김녕사굴 [유네스코 세계자연유산],"문화재청<a href=""http://www.cha.go.kr"" target=""_blank"" title=""문화재청 사이트로 이동"">www.cha.go.kr</a>",63348,
129400,12,제주특별자치도 제주시 구좌읍 해맞이해안로,http://tong.visitkorea.or.kr/cms/resource/72/221572_image2_1.jpg,"코발트 빛의 깨끗한 바다와 질 좋은 모래는 김녕해수욕장의 자랑으로, 찾는 이의 마음을 사로잡는다. 인근에는 갓돔, 노래미돔이 잘 잡혀 갯바위 낚시도 할 수 있으며, 멀지 않은 곳에 만장굴이 위치해 있어 한낮 불볕더위에 동굴피서도 함께 즐길 수 있다. <br>",김녕성세기해변 (김녕해수욕장),"제주 문화관광 <a title=""새창 : 제주 문화관광 홈페이지로 이동"" href=""http://www.jejutour.go.kr"" target=""_blank"">http://www.jejutour.go.kr</a>",63357,
1876813,39,제주특별자치도 서귀포시 동홍중앙로 67,,"[제주도 서귀포시 동홍동에 있는 숯불갈비 전문점 김대감]<br /> 김대감은 서귀포시 동홍동에 있는 숯불갈비 전문 음식점이다. 다양한 종류의 갈비를 제공하며, 6가지를 넣고 만든 특제소스로 갈비를 양념한다. 생갈비, 삼겹살은 제주산을 제공한다.<br>",김대감숯불갈비,,63588,064-763-2777
1876814,39,제주특별자치도 제주시 연북로 168,,"제주시 연동에 있는 굴 요리 전문 한식당이다. 이곳 제주 본점을 비롯해 전국에 분점이 운영되고 있다. 김명자굴국밥에서는 굴과 두부, 부추 등의 재료를 넣고 뚝배기에 팔팔 끓인 굴국밥과 굴과 파를 함께 넣고 부쳐내는 굴파전이 인기 메뉴이다. <br>",김명자굴국밥(제주본점),,63135,064-747-0320
735314,32,제주특별자치도 제주시 애월읍 신엄9길 50,http://tong.visitkorea.or.kr/cms/resource/31/733831_image2_1.jpg,"제주 공항에서 15분 거리에 위치해 있는 까델아스 리조트는  하귀- 애월 해안도로변 언덕 위에 세워진 통나무집 펜션이다. 객실 창문 넘어로는 쪽빛 바다를 볼 수 있고, 잔디정원에서는 아이들이 맘놓고 뛰어 놀 수 있다. 공주 방을 연상케 하는 화려한 인테리어로 꾸며져 있는 50㎡형에서부터 태평양을 융단처럼 깔고 있는 특급전망과 원목향 가득한 고품격 인테리어로 꾸며져 있는 429㎡형 까지 다양한 객실이 마련되어 있고 목조형 테라스가 있어 펜션의 특별함을 나타내고 있다. 펜션 내에 수영장도 있어 한여름에는 가족들끼리 편안히 물놀이도 할 수 있다. 인근에는 차로 5분 거리에 해담해변이 위치해 있고, 조개잡이 체험을 직접 할 수 있는 해변도 차로 5분 거리에 있다. <br>",까델아스 리조트,,63047,064-799-7996
1876822,39,제주특별자치도 제주시 삼무로3길 6,,"[제주시 연동에 있는 흑돼지 전문점 깜돈 흑돼지]<br/>
깜돈 흑돼지는 제주 청정 흑돼지를 사용하여 메뉴를 제공한다. 이곳의 흑돼지는 세게쟈연유산 제주 품질인증, 제주마씸, 무항생제 축산물, 제주흑돼지고기, haccp 인증을 받은 흑돼지만을 사용한다.",깜돈 흑돼지,,63125,064-712-9229
